Link,Title,Price,Image URL,Region,Labels,Actual Floor,Max Floor,Size,Rooms,Square Price
https://list.am/item/17491125,"3 սենյականոց բնակարան նորակառույց շենքում Օհանովի փողոցում, 93 ք.մ., քարե շենք",82000,,Մալաթիա Սեբաստիա,Գործակալություն,5,5,93,3,881.7204301075269
https://list.am/item/19817344,"2 սենյականոց բնակարան նորակառույց շենքում Մամիկոնյանց փողոցում, 81 քմ, բարձր առաստաղներ",77000,,Արաբկիր,Գործակալություն,10,10,81,2,950.6172839506173
https://list.am/item/20406174,"2 սենյականոց բնակարան նորակառույց շենքում Գյուլիքեխվյան փողոցում, 79 ք.մ., մի քանի պատշգամբ",77000,,Նոր Նորք,Գործակալություն,8,12,79,2,974.6835443037975
https://list.am/item/20819861,"2 սենյականոց բնակարան նորակառույց շենքում, Նազարբեկյան թաղամաս, 80 քմ, 5/9 հարկ, մի քանի պատշգամբ",82000,,Աջափնյակ,,5,9,80,2,1025.0
https://list.am/item/19826032,"2 սենյականոց բնակարան նորակառույց շենքում Գևորգ Չաուշի փողոցում, 62 քմ, 12/14 հարկ, բարձր առաստաղներ",64500,,Աջափնյակ,,12,14,62,2,1040.3225806451612
https://list.am/item/19826032,"2 սենյականոց բնակարան նորակառույց շենքում Գևորգ Չաուշի փողոցում, 62 քմ, 12/14 հարկ, բարձր առաստաղներ",64500,,Աջափնյակ,,12,14,62,2,1040.3225806451612
https://list.am/item/19826032,"2 սենյականոց բնակարան նորակառույց շենքում Գևորգ Չաուշի փողոցում, 62 քմ, 12/14 հարկ, բարձր առաստաղներ",64500,,Աջափնյակ,,12,14,62,2,1040.3225806451612
https://list.am/item/19826032,"2 սենյականոց բնակարան նորակառույց շենքում Գևորգ Չաուշի փողոցում, 62 քմ, 12/14 հարկ, բարձր առաստաղներ",64500,,Աջափնյակ,,12,14,62,2,1040.3225806451612
https://list.am/item/19826032,"2 սենյականոց բնակարան նորակառույց շենքում Գևորգ Չաուշի փողոցում, 62 քմ, 12/14 հարկ, բարձր առաստաղներ",64500,,Աջափնյակ,,12,14,62,2,1040.3225806451612
https://list.am/item/19826032,"2 սենյականոց բնակարան նորակառույց շենքում Գևորգ Չաուշի փողոցում, 62 քմ, 12/14 հարկ, բարձր առաստաղներ",64500,,Աջափնյակ,,12,14,62,2,1040.3225806451612
https://list.am/item/19826032,"2 սենյականոց բնակարան նորակառույց շենքում Գևորգ Չաուշի փողոցում, 62 քմ, 12/14 հարկ, բարձր առաստաղներ",64500,,Աջափնյակ,,12,14,62,2,1040.3225806451612
https://list.am/item/19816054,"2 սենյականոց բնակարան նորակառույց շենքում, Նորք-Մարաշ վարչական շրջան, 70 ք.մ., բարձր առաստաղներ",73500,,Նոր Նորք,Գործակալություն,4,11,70,2,1050.0
https://list.am/item/20508606,"3 սենյականոց բնակարան նորակառույց շենքում Սերո Խանզադյան փողոցում, 83 ք.մ., 8/11 հարկ",88000,,Նորք Մարաշ,Գործակալություն,8,11,83,3,1060.2409638554218
https://list.am/item/20504642,"2 սենյականոց բնակարան նորակառույց շենքում Սերո Խանզադյան փողոցում, 63 ք.մ., 4/11 հարկ",67000,,Նորք Մարաշ,Գործակալություն,4,11,63,2,1063.4920634920634
https://list.am/item/19365549,"3 սենյականոց բնակարան նորակառույց շենքում Նորք Մարաշում, 70 ք.մ., 7/11 հարկ, բարձր առաստաղներ",77000,,Նորք Մարաշ,Գործակալություն,7,11,70,3,1100.0
https://list.am/item/20402727,"2 սենյականոց բնակարան նորակառույց շենքում Մարշալ Բաբաջանյան փողոցում, 70 քմ, 5/17 հարկ",77000,,Ավան,Գործակալություն,5,17,70,2,1100.0
https://list.am/item/19963043,"2 սենյականոց բնակարան նորակառույց շենքում Ֆուչիկի փողոցում, 57 քմ, 5/16 հարկ, բարձր առաստաղներ",63000,,Աջափնյակ,Գործակալություն,5,16,57,2,1105.2631578947369
https://list.am/item/18548433,"2 սենյականոց բնակարան նորակառույց շենքում Քանաքեռ 14-րդ փողոցում, 82 ք.մ., 2 սանհանգույց",92000,,Քանաքեռ Զեյթուն,Գործակալություն,10,11,82,2,1121.9512195121952
https://list.am/item/19438589,"3 սենյականոց բնակարան նորակառույց շենքում Շարուրի փողոցում, 71 ք.մ., կապիտալ վերանորոգված",80000,,Շենգավիթ,Գործակալություն,4,4,71,3,1126.7605633802816
https://list.am/item/20951962,"2 սենյականոց բնակարան նորակառույց շենքում, Նազարբեկյան թաղամաս, 57 քմ, 9/16 հարկ, բարձր առաստաղներ",66000,,Աջափնյակ,Գործակալություն,9,16,57,2,1157.8947368421052
https://list.am/item/17926066,"3 սենյականոց բնակարան նորակառույց շենքում Մարգարյան փողոցում, 68 ք.մ., կոսմետիկ վերանորոգում",79000,,Աջափնյակ,Գործակալություն,10,10,68,3,1161.764705882353
https://list.am/item/20648472,"2 սենյականոց բնակարան նորակառույց շենքում Ռուբինյանց փողոցում, 60 ք.մ., 4/16 հարկ, բարձր առաստաղներ",70000,,Քանաքեռ Զեյթուն,Գործակալություն,4,16,60,2,1166.6666666666667
https://list.am/item/20828546,"3 սենյականոց բնակարան նորակառույց շենքում Հրաչյա Աճառյան փողոցում, 80 ք.մ., 8/18 հարկ",94000,,Ավան,Գործակալություն,8,18,80,3,1175.0
https://list.am/item/21098387,"3 սենյականոց բնակարան նորակառույց շենքում Միքայել Մազմանյանի փողոցում, 76 քմ, մի քանի պատշգամբ",90000,,Աջափնյակ,Գործակալություն,12,12,76,3,1184.2105263157894
https://list.am/item/18678282,"2 սենյականոց բնակարան նորակառույց շենքում Ավանում, 59 ք.մ., 4/14 հարկ",70650,,Ավան,Գործակալություն,4,14,59,2,1197.457627118644
https://list.am/item/21029532,"2 սենյականոց բնակարան նորակառույց շենքում Դեղատան փողոցում, 70 քմ, բարձր առաստաղներ",85000,,Կենտրոն,,7,7,70,2,1214.2857142857142
https://list.am/item/21106006,"3 սենյականոց բնակարան նորակառույց շենքում, Квартал Ованнисян, 78 քմ, նախավերջին հարկ",95000,,Ավան,,8,9,78,3,1217.948717948718
https://list.am/item/20565053,"3 սենյականոց բնակարան նորակառույց շենքում Գյուրջյան փողոցում, 73 քմ, բարձր առաստաղներ",89000,,Նոր Նորք,Գործակալություն,9,9,73,3,1219.1780821917807
https://list.am/item/20290735,"2 սենյականոց բնակարան նորակառույց շենքում Քանաքեռ 14-րդ փողոցում, 65 քմ, նախավերջին հարկ",80000,,Քանաքեռ Զեյթուն,Գործակալություն,8,9,65,2,1230.7692307692307
https://list.am/item/21053182,"2 սենյականոց բնակարան նորակառույց շենքում Տիչինայի փողոցում, 63 քմ, 4/16 հարկ, բարձր առաստաղներ",78000,,Մալաթիա Սեբաստիա,Գործակալություն,4,16,63,2,1238.095238095238
https://list.am/item/19118922,"2 սենյականոց բնակարան նորակառույց շենքում Մալաթիայի փողոցում, 67 ք.մ., մի քանի պատշգամբ, 6/10 հարկ",83000,,Մալաթիա Սեբաստիա,Գործակալություն,6,10,67,2,1238.8059701492537
https://list.am/item/17155972,"2 սենյականոց բնակարան նորակառույց շենքում Գյուրջյան փողոցում, 46 քմ, 6/9 հարկ",57000,,Նոր Նորք,Գործակալություն,6,9,46,2,1239.1304347826087
https://list.am/item/21049133,"3 սենյականոց բնակարան նորակառույց շենքում, Նազարբեկյան թաղամաս, 70 քմ, 19/21 հարկ, 2 սանհանգույց",87000,,Աջափնյակ,Գործակալություն,19,21,70,3,1242.857142857143
https://list.am/item/20919381,"3 սենյականոց բնակարան նորակառույց շենքում, Նազարբեկյան թաղամաս, 70 քմ, 19/21 հարկ, 2 սանհանգույց",87000,,Աջափնյակ,Գործակալություն,19,21,70,3,1242.857142857143
https://list.am/item/20491023,"2 սենյականոց բնակարան նորակառույց շենքում, Դավթաշեն 4-րդ թաղամաս, 52 քմ, 6/13 հարկ, բարձր առաստաղներ",65000,,Դավթաշեն,,6,13,52,2,1250.0
https://list.am/item/20060915,"3 սենյականոց բնակարան նորակառույց շենքում Գալշոյան փողոցում, 68 ք.մ., 13/16 հարկ",85000,,Նոր Նորք,Գործակալություն,13,16,68,3,1250.0
https://list.am/item/20633530,"3 սենյականոց բնակարան նորակառույց շենքում Գյուրջյան փողոցում, 71 ք.մ., 2 սանհանգույց",90000,,Նոր Նորք,Գործակալություն,14,14,71,3,1267.605633802817
https://list.am/item/19015220,"2 սենյականոց բնակարան նորակառույց շենքում Լենինգրադյան փողոցում, 71 ք.մ., մի քանի պատշգամբ",90000,,Աջափնյակ,Գործակալություն,10,10,71,2,1267.605633802817
https://list.am/item/19386789,"2 սենյականոց բնակարան նորակառույց շենքում Դավիթ Անհաղթի փողոցում, 67 քմ, կապիտալ վերանորոգված",85000,,Քանաքեռ Զեյթուն,Գործակալություն,5,5,67,2,1268.6567164179105
https://list.am/item/19859381,"3 սենյականոց բնակարան նորակառույց շենքում Մինսկի փողոցում, 65 քմ, նախավերջին հարկ, բարձր առաստաղներ",83000,,Նոր Նորք,,4,5,65,3,1276.923076923077
https://list.am/item/19747507,"Ընդարձակ 1 սենյականոց բնակարան նորակառույց շենքում, Kuchak District, 54 ք.մ., 7/9 հարկ",69000,,Ավան,Գործակալություն,7,9,54,1,1277.7777777777778
https://list.am/item/17270904,"1 սենյականոց բնակարան նորակառույց շենքում Մալաթիայի փողոցում, 50 քմ, նախավերջին հարկ",64000,,Մալաթիա Սեբաստիա,Գործակալություն,9,10,50,1,1280.0
https://list.am/item/21022163,"2 սենյականոց բնակարան նորակառույց շենքում, Եղվարդի խճուղի, 53 քմ, 4/15 հարկ, բարձր առաստաղներ",68000,,Դավթաշեն,Գործակալություն,4,15,53,2,1283.0188679245282
https://list.am/item/21123034,"3 սենյականոց բնակարան նորակառույց շենքում Մազմանյան փողոցում, 70 քմ, 2 սանհանգույց",90000,,Աջափնյակ,Գործակալություն,12,12,70,3,1285.7142857142858
https://list.am/item/20980238,"2 սենյականոց բնակարան նորակառույց շենքում, Նազարբեկյան թաղամաս, 70 քմ, 8/21 հարկ, բարձր առաստաղներ",90000,,Աջափնյակ,,8,21,70,2,1285.7142857142858
https://list.am/item/20933651,"2 սենյականոց բնակարան նորակառույց շենքում Ներքին Շենգավիթի 11-րդ փողոցում, 63 քմ, 6/9 հարկ",81000,,Շենգավիթ,Գործակալություն,6,9,63,2,1285.7142857142858
https://list.am/item/20294659,"2 սենյականոց բնակարան նորակառույց շենքում, 11-я улица Неркин Шенгавита, 63 ք.մ., 6/9 հարկ",81000,,Շենգավիթ,,6,9,63,2,1285.7142857142858
https://list.am/item/19271551,"2 սենյականոց բնակարան նորակառույց շենքում, Թբիլիսյան խճուղի, 65 ք.մ., բարձր առաստաղներ",84500,,Արաբկիր,Գործակալություն,5,5,65,2,1300.0
https://list.am/item/19652805,"3 սենյականոց բնակարան նորակառույց շենքում, Թբիլիսյան խճուղի, 65 ք.մ., բարձր առաստաղներ",84500,,Քանաքեռ Զեյթուն,Գործակալություն,5,5,65,3,1300.0
https://list.am/item/19376302,"1 սենյականոց բնակարան նորակառույց շենքում Մալաթիայի փողոցում, 50 ք.մ., մի քանի պատշգամբ",65000,,Մալաթիա Սեբաստիա,Գործակալություն,9,10,50,1,1300.0
https://list.am/item/19029939,"2 սենյականոց բնակարան նորակառույց շենքում Սերո Խանզադյան (Նորքի) փողոցում, 52 քմ, 7/11 հարկ",68000,,Նորք Մարաշ,,7,11,52,2,1307.6923076923076
https://list.am/item/21047616,"2 սենյականոց բնակարան նորակառույց շենքում Սերո Խանզադյան փողոցում, 52 քմ, 7/11 հարկ",68000,,Նորք Մարաշ,Գործակալություն,7,11,52,2,1307.6923076923076
https://list.am/item/20417702,"3 սենյականոց բնակարան նորակառույց շենքում Շարուրի փողոցում, 68 ք.մ., 8/10 հարկ, եվրովերանորոգված",90000,,Շենգավիթ,Գործակալություն,8,10,68,3,1323.5294117647059
https://list.am/item/19521789,"2 սենյականոց բնակարան նորակառույց շենքում Սերո Խանզադյան փողոցում, 52 քմ, 7/11 հարկ",69000,,Նորք Մարաշ,Գործակալություն,7,11,52,2,1326.923076923077
https://list.am/item/20246680,"3 սենյականոց բնակարան նորակառույց շենքում, Թբիլիսյան խճուղի, 54 ք.մ., բարձր առաստաղներ",72000,,Արաբկիր,Գործակալություն,4,5,54,3,1333.3333333333333
https://list.am/item/20779617,"1 սենյականոց բնակարան նորակառույց շենքում Լենինգրադյան փողոցում, 48 ք.մ., եվրովերանորոգված",64000,,Աջափնյակ,Գործակալություն,5,5,48,1,1333.3333333333333
https://list.am/item/14374287,"2 սենյականոց բնակարան նորակառույց շենքում Վահրամ Փափազյան փողոցում, 65 քմ, նախավերջին հարկ",87000,,Արաբկիր,Գործակալություն,4,5,65,2,1338.4615384615386
https://list.am/item/19585151,"2 սենյականոց բնակարան նորակառույց շենքում Մարգարյան փողոցում, 67 ք.մ., 8/12 հարկ",90000,,Աջափնյակ,Գործակալություն,8,12,67,2,1343.2835820895523
https://list.am/item/17902331,"2 սենյականոց բնակարան նորակառույց շենքում Սիսակյան փողոցում, 64 ք.մ., 10/12 հարկ, եվրովերանորոգված",86000,,Աջափնյակ,Գործակալություն,10,12,64,2,1343.75
https://list.am/item/21111047,"2 սենյականոց բնակարան նորակառույց շենքում Մարգարյան փողոցում, 66 քմ, նախավերջին հարկ",89000,,Աջափնյակ,Գործակալություն,8,9,66,2,1348.4848484848485
https://list.am/item/20435350,"2 սենյականոց բնակարան նորակառույց շենքում, 15-я улица Нор Ареша, 45 քմ, 5/9 հարկ",62000,,Էրեբունի,Գործակալություն,5,9,45,2,1377.7777777777778
https://list.am/item/20911428,"2 սենյականոց բնակարան նորակառույց շենքում Չեխովի փողոցում, 59 քմ, 7/13 հարկ, բարձր առաստաղներ",82000,,Շենգավիթ,Գործակալություն,7,13,59,2,1389.8305084745762
https://list.am/item/20706722,"2 սենյականոց բնակարան նորակառույց շենքում Չեխովի փողոցում, 59 քմ, 7/13 հարկ, բարձր առաստաղներ",82000,,Շենգավիթ,,7,13,59,2,1389.8305084745762
https://list.am/item/20964203,"3 սենյականոց բնակարան նորակառույց շենքում Մելքումով փողոցում, 60 քմ, բարձր առաստաղներ",84000,,Աջափնյակ,,5,5,60,3,1400.0
https://list.am/item/19155471,"2 սենյականոց բնակարան նորակառույց շենքում Մելիք Մելիքյան փողոցում, 62 քմ, 7/15 հարկ",86800,,Քանաքեռ Զեյթուն,Գործակալություն,7,15,62,2,1400.0
https://list.am/item/20738347,"2 սենյականոց բնակարան նորակառույց շենքում Գյուրջյան փողոցում, 45 ք.մ., 8/16 հարկ, բարձր առաստաղներ",63000,,Նոր Նորք,Գործակալություն,8,16,45,2,1400.0
https://list.am/item/20860639,"2 սենյականոց բնակարան նորակառույց շենքում Խաղաղ Դոնի փողոցում, 58 ք.մ., 4/7 հարկ, բարձր առաստաղներ",82000,,Էրեբունի,Գործակալություն,4,7,58,2,1413.7931034482758
https://list.am/item/21089128,"3 սենյականոց բնակարան նորակառույց շենքում, Մոլդովական, 60 քմ, կապիտալ վերանորոգված",85000,,Նոր Նորք,,9,9,60,3,1416.6666666666667
https://list.am/item/16714502,"2 սենյականոց բնակարան նորակառույց շենքում Սիսակյան փողոցում, 62 ք.մ., 9/14 հարկ, բարձր առաստաղներ",88000,,Աջափնյակ,Գործակալություն,9,14,62,2,1419.3548387096773
https://list.am/item/21000128,"2 սենյականոց բնակարան նորակառույց շենքում Չեխովի փողոցում, 59 քմ, 7/13 հարկ, բարձր առաստաղներ",84000,,Շենգավիթ,Գործակալություն,7,13,59,2,1423.7288135593221
https://list.am/item/20740225,"2 սենյականոց բնակարան նորակառույց շենքում Սիսակյան փողոցում, 61 քմ, 4/14 հարկ, կոսմետիկ վերանորոգում",87000,,Աջափնյակ,,4,14,61,2,1426.2295081967213
https://list.am/item/21095097,"2 սենյականոց բնակարան նորակառույց շենքում Սիսակյան փողոցում, 61 քմ, 4/12 հարկ, բարձր առաստաղներ",87000,,Աջափնյակ,Գործակալություն,4,12,61,2,1426.2295081967213
https://list.am/item/19044068,"2 սենյականոց բնակարան նորակառույց շենքում Շինարարների փողոցում, 61 քմ, նախավերջին հարկ",87000,,Աջափնյակ,Գործակալություն,11,12,61,2,1426.2295081967213
https://list.am/item/20996616,"3 սենյականոց բնակարան նորակառույց շենքում Աջափնյակում, 63 քմ, 8/14 հարկ, 2 սանհանգույց",90000,,Աջափնյակ,,8,14,63,3,1428.5714285714287
https://list.am/item/19962289,"2 սենյականոց բնակարան նորակառույց շենքում Րաֆֆու փողոցում, 49 ք.մ., բարձր առաստաղներ, 6/18 հարկ",70000,,Մալաթիա Սեբաստիա,Գործակալություն,6,18,49,2,1428.5714285714287
https://list.am/item/20862727,"2 սենյականոց բնակարան նորակառույց շենքում Չեխովի փողոցում, 59 քմ, 7/13 հարկ, բարձր առաստաղներ",84500,,Շենգավիթ,,7,13,59,2,1432.2033898305085
https://list.am/item/18928411,"3 սենյականոց բնակարան նորակառույց շենքում Նոր Նորքում, 60 քմ, նախավերջին հարկ, եվրովերանորոգված",86000,,Նոր Նորք,,4,5,60,3,1433.3333333333333
https://list.am/item/20749116,"2 սենյականոց բնակարան նորակառույց շենքում Սիսակյան փողոցում, 61 քմ, 4/14 հարկ, կապիտալ վերանորոգված",88000,,Աջափնյակ,Գործակալություն,4,14,61,2,1442.622950819672
https://list.am/item/20605492,"2 սենյականոց բնակարան նորակառույց շենքում Զաքարիա Քանաքեռցու փողոցում, 44 ք.մ., մի քանի պատշգամբ",63500,,Քանաքեռ Զեյթուն,Գործակալություն,4,4,44,2,1443.1818181818182
https://list.am/item/21115500,"1 սենյականոց բնակարան նորակառույց շենքում Քանաքեռ 14-րդ փողոցում, 45 քմ, 7/11 հարկ",65000,,Քանաքեռ Զեյթուն,,7,11,45,1,1444.4444444444443
https://list.am/item/15805149,"2 սենյականոց բնակարան նորակառույց շենքում Վաղարշյան փողոցում, 45 քմ, քարե շենք",65000,,Արաբկիր,Գործակալություն,5,5,45,2,1444.4444444444443
https://list.am/item/19530066,"2 սենյականոց բնակարան նորակառույց շենքում Մարգարյան փողոցում, 60 քմ, կապիտալ վերանորոգված, քարե շենք",87000,,Աջափնյակ,Գործակալություն,4,4,60,2,1450.0
https://list.am/item/18813850,"3 սենյականոց բնակարան նորակառույց շենքում Արաբկիրում, 60 քմ, 7/16 հարկ, բարձր առաստաղներ",87000,,Արաբկիր,,7,16,60,3,1450.0
https://list.am/item/21102196,"2 սենյականոց բնակարան նորակառույց շենքում Չեխովի փողոցում, 59 քմ, 7/13 հարկ, բարձր առաստաղներ",86000,,Շենգավիթ,Գործակալություն,7,13,59,2,1457.6271186440679
https://list.am/item/21091495,"2 սենյականոց բնակարան նորակառույց շենքում Չեխովի փողոցում, 59 քմ, 7/13 հարկ, բարձր առաստաղներ",86000,,Շենգավիթ,Գործակալություն,7,13,59,2,1457.6271186440679
https://list.am/item/19754099,"2 սենյականոց բնակարան նորակառույց շենքում Չեխովի փողոցում, 59 քմ, 7/11 հարկ",86000,,Շենգավիթ,Գործակալություն,7,11,59,2,1457.6271186440679
https://list.am/item/20639351,"2 սենյականոց բնակարան նորակառույց շենքում Չեխովի փողոցում, 54 ք.մ., կապիտալ վերանորոգված",79000,,Շենգավիթ,Գործակալություն,10,10,54,2,1462.962962962963
https://list.am/item/21099028,"2 սենյականոց բնակարան նորակառույց շենքում Չեխովի փողոցում, 59 քմ, 7/13 հարկ, բարձր առաստաղներ",87000,,Շենգավիթ,Գործակալություն,7,13,59,2,1474.5762711864406
https://list.am/item/19632126,"5 սենյականոց բնակարան նորակառույց շենքում, Դավթաշեն 1-ին թաղամաս, 40 քմ, 2 սանհանգույց",59000,,Դավթաշեն,,5,5,40,5,1475.0
https://list.am/item/17891242,"2 սենյականոց բնակարան նորակառույց շենքում, Դավթաշենի 2-րդ զանգված, 50 քմ, բարձր առաստաղներ",74000,,Դավթաշեն,Գործակալություն,4,4,50,2,1480.0
https://list.am/item/20539489,"2 սենյականոց բնակարան նորակառույց շենքում Մյասնիկյանի պողոտայում, 52 ք.մ., բարձր առաստաղներ",77000,,Նորք Մարաշ,Գործակալություն,7,11,52,2,1480.7692307692307
https://list.am/item/20307762,"2 սենյականոց բնակարան նորակառույց շենքում Նոր Նորքում, 54 քմ, բարձր առաստաղներ",80000,,Նոր Նորք,,5,5,54,2,1481.4814814814815
https://list.am/item/20898387,"3 սենյականոց բնակարան նորակառույց շենքում Մելքումովի փողոցում, 54 քմ, նախավերջին հարկ",80000,,Աջափնյակ,,4,5,54,3,1481.4814814814815
https://list.am/item/21128093,"2 սենյականոց բնակարան նորակառույց շենքում Գրիգոր Հասրաթյանի փողոցում, 60 քմ, 11/14 հարկ",89000,,Աջափնյակ,Գործակալություն,11,14,60,2,1483.3333333333333
https://list.am/item/20714474,"2 սենյականոց բնակարան նորակառույց շենքում Ղափանցյան փողոցում, 60 ք.մ., 11/16 հարկ, բարձր առաստաղներ",89000,,Արաբկիր,Գործակալություն,11,16,60,2,1483.3333333333333
https://list.am/item/21079414,"2 սենյականոց բնակարան նորակառույց շենքում Գրիգոր Հասրաթյան փողոցում, 60 քմ, 11/14 հարկ",89000,,Աջափնյակ,,11,14,60,2,1483.3333333333333
https://list.am/item/20973957,"3 սենյականոց բնակարան նորակառույց շենքում, Դավթաշեն 4-րդ թաղամաս, 64 քմ, բարձր առաստաղներ",95000,,Դավթաշեն,,9,9,64,3,1484.375
https://list.am/item/20267766,"2 սենյականոց բնակարան նորակառույց շենքում Լենինգրադյան փողոցում, 55 քմ, 6/15 հարկ, բարձր առաստաղներ",82000,,Աջափնյակ,Գործակալություն,6,15,55,2,1490.909090909091
https://list.am/item/19303420,"3 սենյականոց բնակարան նորակառույց շենքում Լենինգրադյան փողոցում, 55 քմ, 6/15 հարկ, 2 սանհանգույց",82000,,Աջափնյակ,Գործակալություն,6,15,55,3,1490.909090909091
https://list.am/item/21012896,"2 սենյականոց բնակարան նորակառույց շենքում Ղափանցյան փողոցում, 60 քմ, 11/16 հարկ, բարձր առաստաղներ",90000,,Արաբկիր,Գործակալություն,11,16,60,2,1500.0
https://list.am/item/21098619,"2 սենյականոց բնակարան նորակառույց շենքում Գրիգոր Հասրաթյան փողոցում, 60 քմ, 11/14 հարկ",90000,,Աջափնյակ,Գործակալություն,11,14,60,2,1500.0
https://list.am/item/20580573,"2 սենյականոց բնակարան նորակառույց շենքում Ֆուչիկի փողոցում, 48 քմ, 6/10 հարկ",72000,,Աջափնյակ,Գործակալություն,6,10,48,2,1500.0
https://list.am/item/20490177,"2 սենյականոց բնակարան նորակառույց շենքում Մինսկի փողոցում, 46 ք.մ., բարձր առաստաղներ",69000,,Նոր Նորք,,5,5,46,2,1500.0
https://list.am/item/20660920,"2 սենյականոց բնակարան նորակառույց շենքում Մինսկի փողոցում, 46 ք.մ., բարձր առաստաղներ",69000,,Նոր Նորք,Գործակալություն,5,5,46,2,1500.0
https://list.am/item/19271235,"2 սենյականոց բնակարան նորակառույց շենքում Ղափանցյան փողոցում, 60 ք.մ., 11/16 հարկ, բարձր առաստաղներ",90000,,Արաբկիր,,11,16,60,2,1500.0
https://list.am/item/18753491,"2 սենյականոց բնակարան նորակառույց շենքում Ղափանցյան փողոցում, 60 քմ, 11/16 հարկ, բարձր առաստաղներ",90000,,Արաբկիր,,11,16,60,2,1500.0
https://list.am/item/21055128,"2 սենյականոց բնակարան նորակառույց շենքում Հալաբյան փողոցում, 50 քմ, նախավերջին հարկ",75000,,Աջափնյակ,Գործակալություն,17,18,50,2,1500.0
https://list.am/item/20552495,"2 սենյականոց բնակարան նորակառույց շենքում Մինսկի փողոցում, 60 ք.մ., բարձր առաստաղներ",90000,,Նոր Նորք,Գործակալություն,5,6,60,2,1500.0
https://list.am/item/20719508,"2 սենյականոց բնակարան նորակառույց շենքում Նոր Նորքում, 46 ք.մ., բարձր առաստաղներ",69000,,Նոր Նորք,Գործակալություն,5,5,46,2,1500.0
https://list.am/item/21084928,"2 սենյականոց բնակարան նորակառույց շենքում Ռուբինյանց փողոցում, 60 քմ, նախավերջին հարկ",90000,,Քանաքեռ Զեյթուն,,4,5,60,2,1500.0
https://list.am/item/14323437,"2 սենյականոց բնակարան նորակառույց շենքում Մելքումովի փողոցում, 60 ք.մ., նախավերջին հարկ",90000,,Աջափնյակ,Գործակալություն,6,7,60,2,1500.0
https://list.am/item/19321577,"2 սենյականոց բնակարան նորակառույց շենքում Մելքումովի փողոցում, 60 ք.մ., բարձր առաստաղներ",90000,,Աջափնյակ,Գործակալություն,6,6,60,2,1500.0
https://list.am/item/19937146,"2 սենյականոց բնակարան նորակառույց շենքում Մինսկի փողոցում, 50 ք.մ., բարձր առաստաղներ",75000,,Նոր Նորք,Գործակալություն,5,6,50,2,1500.0
https://list.am/item/19434507,"2 սենյականոց բնակարան նորակառույց շենքում Մելքումովի փողոցում, 60 ք.մ., բարձր առաստաղներ",90000,,Աջափնյակ,Գործակալություն,6,6,60,2,1500.0
https://list.am/item/20622992,"2 սենյականոց բնակարան նորակառույց շենքում Գրիգոր Հասրաթյանի փողոցում, 59 ք.մ., բարձր առաստաղներ",89000,,Աջափնյակ,Գործակալություն,5,14,59,2,1508.4745762711864
https://list.am/item/20600891,"2 սենյականոց բնակարան նորակառույց շենքում Գրիգոր Հասրաթյանի փողոցում, 59 ք.մ., բարձր առաստաղներ",89000,,Աջափնյակ,Գործակալություն,5,14,59,2,1508.4745762711864
https://list.am/item/21119811,"1 սենյականոց բնակարան նորակառույց շենքում Շինարարների փողոցում, 45 քմ, բարձր առաստաղներ",68000,,Աջափնյակ,Գործակալություն,12,12,45,1,1511.111111111111
https://list.am/item/21056572,"2 սենյականոց բնակարան նորակառույց շենքում Սիսակյան փողոցում, 62 քմ, նախավերջին հարկ",94000,,Աջափնյակ,Գործակալություն,11,12,62,2,1516.1290322580646
https://list.am/item/20838752,"2 սենյականոց բնակարան նորակառույց շենքում Բագրևանդի 17-րդ փողոցում, 54 ք.մ., կոսմետիկ վերանորոգում",82000,,Նոր Նորք,,5,5,54,2,1518.5185185185185
https://list.am/item/20798807,"2 սենյականոց բնակարան նորակառույց շենքում Մինսկի փողոցում, 54 քմ, բարձր առաստաղներ, եվրովերանորոգված",82000,,Նոր Նորք,Գործակալություն,5,5,54,2,1518.5185185185185
https://list.am/item/20799154,"2 սենյականոց բնակարան նորակառույց շենքում Մինսկի փողոցում, 54 քմ, բարձր առաստաղներ, եվրովերանորոգված",82000,,Նոր Նորք,Գործակալություն,5,5,54,2,1518.5185185185185
https://list.am/item/20546328,"2 սենյականոց բնակարան նորակառույց շենքում Մինսկի փողոցում, 54 ք.մ., բարձր առաստաղներ",82000,,Նոր Նորք,Գործակալություն,5,5,54,2,1518.5185185185185
https://list.am/item/20918728,"2 սենյականոց բնակարան նորակառույց շենքում Մինսկի փողոցում, 54 ք.մ., եվրովերանորոգված",82000,,Նոր Նորք,Գործակալություն,5,5,54,2,1518.5185185185185
https://list.am/item/20616505,"2 սենյականոց բնակարան նորակառույց շենքում Ռուբինյանց փողոցում, 50 ք.մ., 5/14 հարկ, բարձր առաստաղներ",76000,,Քանաքեռ Զեյթուն,Գործակալություն,5,14,50,2,1520.0
https://list.am/item/17910841,"2 սենյականոց բնակարան նորակառույց շենքում, Նազարբեկյան թաղամաս, 47 քմ, 5/7 հարկ",71500,,Աջափնյակ,Գործակալություն,5,7,47,2,1521.276595744681
https://list.am/item/19950397,"4 սենյականոց բնակարան նորակառույց շենքում Սվաճյան փողոցում, 46 ք.մ., 9/14 հարկ, կապիտալ վերանորոգված",70000,,Մալաթիա Սեբաստիա,Գործակալություն,9,14,46,4,1521.7391304347825
https://list.am/item/21051651,"2 սենյականոց բնակարան նորակառույց շենքում Ռուբինյանց փողոցում, 44 քմ, 9/15 հարկ, բարձր առաստաղներ",67000,,Քանաքեռ Զեյթուն,Գործակալություն,9,15,44,2,1522.7272727272727
https://list.am/item/20763117,"2 սենյականոց բնակարան նորակառույց շենքում Սիսակյան փողոցում, 61 քմ, 4/12 հարկ, բարձր առաստաղներ",93000,,Աջափնյակ,Գործակալություն,4,12,61,2,1524.5901639344263
https://list.am/item/20736621,"2 սենյականոց բնակարան նորակառույց շենքում, Grigor Hasratyan street, 59 քմ, 10/14 հարկ",90000,,Աջափնյակ,Գործակալություն,10,14,59,2,1525.4237288135594
https://list.am/item/19875723,"2 սենյականոց բնակարան նորակառույց շենքում Գյուրջյան փողոցում, 59 ք.մ., բարձր առաստաղներ, 10/16 հարկ",90000,,Նոր Նորք,,10,16,59,2,1525.4237288135594
https://list.am/item/20301802,"2 սենյականոց բնակարան նորակառույց շենքում Սիսակյան փողոցում, 62 քմ, նախավերջին հարկ",95000,,Աջափնյակ,,11,12,62,2,1532.258064516129
https://list.am/item/21030123,"2 սենյականոց բնակարան նորակառույց շենքում Լենինգրադյան փողոցում, 56 քմ, 6/16 հարկ, բարձր առաստաղներ",86000,,Աջափնյակ,Գործակալություն,6,16,56,2,1535.7142857142858
https://list.am/item/19094092,"2 սենյականոց բնակարան նորակառույց շենքում Մարգարյան փողոցում, 52 ք.մ., կապիտալ վերանորոգված",80000,,Աջափնյակ,Գործակալություն,12,12,52,2,1538.4615384615386
https://list.am/item/21095003,"3 սենյականոց բնակարան նորակառույց շենքում Տիտոգրադյան փողոցում, 48 քմ, նախավերջին հարկ",74000,,Էրեբունի,Գործակալություն,8,9,48,3,1541.6666666666667
https://list.am/item/20557343,"2 սենյականոց բնակարան նորակառույց շենքում Մինսկի փողոցում, 46 ք.մ., բարձր առաստաղներ",71000,,Նոր Նորք,Գործակալություն,5,5,46,2,1543.4782608695652
https://list.am/item/21120348,"1 սենյականոց բնակարան նորակառույց շենքում Շինարարների փողոցում, 44 քմ, բարձր առաստաղներ",68000,,Աջափնյակ,Գործակալություն,12,12,44,1,1545.4545454545455
https://list.am/item/21103337,"1 սենյականոց բնակարան նորակառույց շենքում Շինարարների փողոցում, 44 քմ, բարձր առաստաղներ",68000,,Աջափնյակ,Գործակալություն,12,12,44,1,1545.4545454545455
https://list.am/item/21043537,"2 սենյականոց բնակարան նորակառույց շենքում Լենինգրադյան փողոցում, 53 քմ, 6/15 հարկ, բարձր առաստաղներ",82000,,Աջափնյակ,Գործակալություն,6,15,53,2,1547.1698113207547
https://list.am/item/20934636,"2 սենյականոց բնակարան նորակառույց շենքում Հրաչյա Աճառյան փողոցում, 47 քմ, 4/18 հարկ",73000,,Ավան,Գործակալություն,4,18,47,2,1553.1914893617022
https://list.am/item/20614462,"2 սենյականոց բնակարան նորակառույց շենքում, Ավան-Առինջ 1-ին միկրոշրջան, 56 ք.մ., 6/9 հարկ",87000,,Ավան,Գործակալություն,6,9,56,2,1553.5714285714287
https://list.am/item/20931099,"2 սենյականոց բնակարան նորակառույց շենքում Գրիգոր Հասրաթյանի փողոցում, 59 քմ, 5/14 հարկ",92000,,Աջափնյակ,Գործակալություն,5,14,59,2,1559.322033898305
https://list.am/item/21020157,"2 սենյականոց բնակարան նորակառույց շենքում Լենինգրադյան փողոցում, 48 քմ, 4/8 հարկ",75000,,Աջափնյակ,Գործակալություն,4,8,48,2,1562.5
https://list.am/item/21016333,"1 սենյականոց բնակարան նորակառույց շենքում Սիսակյան փողոցում, 48 քմ, 4/8 հարկ, կապիտալ վերանորոգված",75000,,Աջափնյակ,Գործակալություն,4,8,48,1,1562.5
https://list.am/item/21046891,"1 սենյականոց բնակարան նորակառույց շենքում Լենինգրադյան փողոցում, 48 քմ, 4/9 հարկ",75000,,Աջափնյակ,Գործակալություն,4,9,48,1,1562.5
https://list.am/item/21013822,"2 սենյականոց բնակարան նորակառույց շենքում Սիսակյան փողոցում, 48 քմ, 4/8 հարկ, կապիտալ վերանորոգված",75000,,Աջափնյակ,Գործակալություն,4,8,48,2,1562.5
https://list.am/item/21018623,"1 սենյականոց բնակարան նորակառույց շենքում Սիսակյան փողոցում, 48 քմ, 4/8 հարկ, կապիտալ վերանորոգված",75000,,Աջափնյակ,Գործակալություն,4,8,48,1,1562.5
https://list.am/item/20977138,"2 սենյականոց բնակարան նորակառույց շենքում Լենինգրադյան փողոցում, 55 քմ, բարձր առաստաղներ",86000,,Աջափնյակ,Գործակալություն,15,15,55,2,1563.6363636363637
https://list.am/item/20270992,"2 սենյականոց բնակարան նորակառույց շենքում Նորքի 5-րդ փողոցում, 53 ք.մ., բարձր առաստաղներ, 4/6 հարկ",83000,,Նոր Նորք,,4,6,53,2,1566.0377358490566
https://list.am/item/21070036,"2 սենյականոց բնակարան նորակառույց շենքում Մարշալ Խուդյակովի փողոցում, 49 քմ, 9/14 հարկ",77000,,Ավան,Գործակալություն,9,14,49,2,1571.4285714285713
https://list.am/item/20697053,"2 սենյականոց բնակարան նորակառույց շենքում Շենգավիթում, 54 քմ, 6/12 հարկ, բարձր առաստաղներ",85000,,Շենգավիթ,,6,12,54,2,1574.0740740740741
https://list.am/item/21084688,"2 սենյականոց բնակարան նորակառույց շենքում Անաստաս Միկոյանի փողոցում, 52 քմ, 6/17 հարկ",82000,,Դավթաշեն,Գործակալություն,6,17,52,2,1576.923076923077
https://list.am/item/20730370,"2 սենյականոց բնակարան նորակառույց շենքում Անաստաս Միկոյանի փողոցում, 52 քմ, 12/18 հարկ",82000,,Դավթաշեն,Գործակալություն,12,18,52,2,1576.923076923077
https://list.am/item/17432010,"1 սենյականոց բնակարան նորակառույց շենքում, Margaryan Street, 44 ք.մ., 8/11 հարկ, եվրովերանորոգված",70000,,Աջափնյակ,Գործակալություն,8,11,44,1,1590.909090909091
https://list.am/item/17731107,"2 սենյականոց բնակարան նորակառույց շենքում Անաստաս Միկոյանի փողոցում, 49 ք.մ., 4/16 հարկ",78000,,Դավթաշեն,Գործակալություն,4,16,49,2,1591.8367346938776
https://list.am/item/21109936,"3 սենյականոց բնակարան նորակառույց շենքում Տիտոգրադյան փողոցում, 47 քմ, 8/10 հարկ",75000,,Էրեբունի,Գործակալություն,8,10,47,3,1595.7446808510638
https://list.am/item/21044184,"3 սենյականոց բնակարան նորակառույց շենքում Տիտոգրադյան փողոցում, 47 քմ, 8/10 հարկ",75000,,Էրեբունի,,8,10,47,3,1595.7446808510638
https://list.am/item/20723657,"2 սենյականոց բնակարան նորակառույց շենքում Մարգարյան փողոցում, 45 ք.մ., 6/12 հարկ",72000,,Աջափնյակ,Գործակալություն,6,12,45,2,1600.0
https://list.am/item/20881789,"3 սենյականոց բնակարան նորակառույց շենքում Երևանյան փողոցում, 50 ք.մ., բարձր առաստաղներ",80000,,Մալաթիա Սեբաստիա,Գործակալություն,5,5,50,3,1600.0
https://list.am/item/14470473,"2 սենյականոց բնակարան նորակառույց շենքում Քանաքեռ 14-րդ փողոցում, 50 ք.մ., 7/11 հարկ",80000,,Քանաքեռ Զեյթուն,,7,11,50,2,1600.0
https://list.am/item/20242474,"2 սենյականոց բնակարան նորակառույց շենքում Հրաչյա Աճառյանի փողոցում, 48 քմ, 4/18 հարկ",77000,,Ավան,,4,18,48,2,1604.1666666666667
https://list.am/item/21030223,"2 սենյականոց բնակարան նորակառույց շենքում Լենինգրադյան փողոցում, 51 քմ, 6/16 հարկ, բարձր առաստաղներ",82000,,Աջափնյակ,Գործակալություն,6,16,51,2,1607.8431372549019
https://list.am/item/20825190,"2 սենյականոց բնակարան նորակառույց շենքում Գրիգոր Հասրաթյանի փողոցում, 59 քմ, 5/14 հարկ",95000,,Աջափնյակ,Գործակալություն,5,14,59,2,1610.1694915254238
https://list.am/item/18840962,"2 սենյականոց բնակարան նորակառույց շենքում Անաստաս Միկոյանի փողոցում, 59 ք.մ., բարձր առաստաղներ",95000,,Դավթաշեն,,4,18,59,2,1610.1694915254238
https://list.am/item/21018396,"2 սենյականոց բնակարան նորակառույց շենքում Լենինգրադյան փողոցում, 54 քմ, 14/16 հարկ, բարձր առաստաղներ",87000,,Աջափնյակ,Գործակալություն,14,16,54,2,1611.111111111111
https://list.am/item/21111872,"2 սենյականոց բնակարան նորակառույց շենքում Ֆուչիկի փողոցում, 45 քմ, կապիտալ վերանորոգված",73000,,Աջափնյակ,Գործակալություն,10,10,45,2,1622.2222222222222
https://list.am/item/20948856,"2 սենյականոց բնակարան նորակառույց շենքում Մոլդովական փողոցում, 40 քմ, 5/13 հարկ, բարձր առաստաղներ",65000,,Նոր Նորք,Գործակալություն,5,13,40,2,1625.0
https://list.am/item/20788085,"2 սենյականոց բնակարան նորակառույց շենքում Մոլդովական փողոցում, 40 քմ, 5/13 հարկ, բարձր առաստաղներ",65000,,Նոր Նորք,,5,13,40,2,1625.0
https://list.am/item/20994999,"2 սենյականոց բնակարան նորակառույց շենքում Լենինգրադյան փողոցում, 51 քմ, 6/14 հարկ, բարձր առաստաղներ",83000,,Աջափնյակ,Գործակալություն,6,14,51,2,1627.450980392157
https://list.am/item/18104016,"2 սենյականոց բնակարան նորակառույց շենքում Լենինգրադյան փողոցում, 51 քմ, 7/14 հարկ, բարձր առաստաղներ",83000,,Աջափնյակ,Գործակալություն,7,14,51,2,1627.450980392157
https://list.am/item/21025636,"5 սենյականոց բնակարան նորակառույց շենքում Գոգոլի փողոցում, 54 քմ, մի քանի պատշգամբ, եվրովերանորոգված",88000,,Քանաքեռ Զեյթուն,Գործակալություն,5,5,54,5,1629.6296296296296
https://list.am/item/20212331,"2 սենյականոց բնակարան նորակառույց շենքում Նոր Նորքում, 46 քմ, կապիտալ վերանորոգված",75000,,Նոր Նորք,,6,6,46,2,1630.4347826086957
https://list.am/item/20797594,"2 սենյականոց բնակարան նորակառույց շենքում Ֆուչիկի փողոցում, 46 ք.մ., 6/10 հարկ, կապիտալ վերանորոգված",75000,,Աջափնյակ,Գործակալություն,6,10,46,2,1630.4347826086957
https://list.am/item/18185811,"2 սենյականոց բնակարան նորակառույց շենքում Տիգրան Պետրոսյանի փողոցում, 38 ք.մ., բարձր առաստաղներ",62000,,Դավթաշեն,Գործակալություն,7,7,38,2,1631.578947368421
https://list.am/item/20686062,"1 սենյականոց բնակարան նորակառույց շենքում Ֆուչիկի փողոցում, 45 քմ, 6/10 հարկ, կապիտալ վերանորոգված",73500,,Աջափնյակ,,6,10,45,1,1633.3333333333333
https://list.am/item/20702165,"Ընդարձակ 1 սենյականոց բնակարան նորակառույց շենքում, Tsarav Aghbyur Street, 52 ք.մ., 4/9 հարկ",85000,,Ավան,Գործակալություն,4,9,52,1,1634.6153846153845
https://list.am/item/20727696,"2 սենյականոց բնակարան նորակառույց շենքում Անաստաս Միկոյան փողոցում, 52 ք.մ., 16/18 հարկ",85000,,Դավթաշեն,Գործակալություն,16,18,52,2,1634.6153846153845
https://list.am/item/20294347,"2 սենյականոց բնակարան նորակառույց շենքում Գյուրջյան փողոցում, 52 ք.մ., բարձր առաստաղներ, 11/16 հարկ",85000,,Նոր Նորք,,11,16,52,2,1634.6153846153845
https://list.am/item/17692129,"2 սենյականոց բնակարան նորակառույց շենքում Անաստաս Միկոյան փողոցում, 52 քմ, 6/18 հարկ",85000,,Դավթաշեն,Գործակալություն,6,18,52,2,1634.6153846153845
https://list.am/item/19275220,"2 սենյականոց բնակարան նորակառույց շենքում Տիգրան Պետրոսյան փողոցում, 52 ք.մ., 7/11 հարկ",85000,,Դավթաշեն,Գործակալություն,7,11,52,2,1634.6153846153845
https://list.am/item/19759733,"2 սենյականոց բնակարան նորակառույց շենքում Անաստաս Միկոյանի փողոցում, 52 ք.մ., 8/18 հարկ",85000,,Դավթաշեն,Գործակալություն,8,18,52,2,1634.6153846153845
https://list.am/item/21091515,"1 սենյականոց բնակարան նորակառույց շենքում Շինարարների փողոցում, 44 քմ, կապիտալ վերանորոգված",72000,,Աջափնյակ,Գործակալություն,12,12,44,1,1636.3636363636363
https://list.am/item/19512314,"2 սենյականոց բնակարան նորակառույց շենքում Գյուրջյան փողոցում, 55 ք.մ., 5/9 հարկ, եվրովերանորոգված",90000,,Նոր Նորք,Գործակալություն,5,9,55,2,1636.3636363636363
https://list.am/item/20987795,"2 սենյականոց բնակարան նորակառույց շենքում, Նազարբեկյան թաղամաս, 44 քմ, 6/8 հարկ, 2 սանհանգույց",72000,,Աջափնյակ,Գործակալություն,6,8,44,2,1636.3636363636363
https://list.am/item/21090823,"1 սենյականոց բնակարան նորակառույց շենքում Շինարարների փողոցում, 44 քմ, եվրովերանորոգված",72000,,Աջափնյակ,,12,12,44,1,1636.3636363636363
https://list.am/item/21128243,"2 սենյականոց բնակարան նորակառույց շենքում Արզումանյան փողոցում, 58 քմ, 7/10 հարկ, բարձր առաստաղներ",95000,,Աջափնյակ,Գործակալություն,7,10,58,2,1637.9310344827586
https://list.am/item/21105305,"2 սենյականոց բնակարան նորակառույց շենքում Արզումանյան փողոցում, 58 քմ, 7/10 հարկ",95000,,Աջափնյակ,,7,10,58,2,1637.9310344827586
https://list.am/item/20968590,"2 սենյականոց բնակարան նորակառույց շենքում Լենինգրադյան փողոցում, 47 քմ, 4/12 հարկ, եվրովերանորոգված",77000,,Աջափնյակ,Գործակալություն,4,12,47,2,1638.2978723404256
https://list.am/item/20993645,"2 սենյականոց բնակարան նորակառույց շենքում Սիսակյան փողոցում, 47 քմ, 4/12 հարկ, բարձր առաստաղներ",77000,,Աջափնյակ,Գործակալություն,4,12,47,2,1638.2978723404256
https://list.am/item/20254966,"2 սենյականոց բնակարան նորակառույց շենքում Մինսկի փողոցում, 46 ք.մ., կապիտալ վերանորոգված",75500,,Նոր Նորք,Գործակալություն,6,6,46,2,1641.304347826087
https://list.am/item/17682769,"2 սենյականոց բնակարան նորակառույց շենքում Անաստաս Միկոյանի փողոցում, 53 ք.մ., 4/14 հարկ",87000,,Դավթաշեն,Գործակալություն,4,14,53,2,1641.5094339622642
https://list.am/item/19822107,"1 սենյականոց բնակարան նորակառույց շենքում Արտեմ Միկոյան փողոցում, 42 ք.մ., բարձր առաստաղներ",69000,,Նոր Նորք,Գործակալություն,5,5,42,1,1642.857142857143
https://list.am/item/21080346,"2 սենյականոց բնակարան նորակառույց շենքում Ֆուչիկի փողոցում, 45 քմ, եվրովերանորոգված",74000,,Աջափնյակ,Գործակալություն,10,10,45,2,1644.4444444444443
https://list.am/item/21106284,"2 սենյականոց բնակարան նորակառույց շենքում Սիսակյան փողոցում, 48 քմ, 5/8 հարկ, եվրովերանորոգված",79000,,Աջափնյակ,Գործակալություն,5,8,48,2,1645.8333333333333
https://list.am/item/21029814,"1 սենյականոց բնակարան նորակառույց շենքում Սիսակյան փողոցում, 48 քմ, 5/12 հարկ, կապիտալ վերանորոգված",79000,,Աջափնյակ,Գործակալություն,5,12,48,1,1645.8333333333333
https://list.am/item/21041396,"2 սենյականոց բնակարան նորակառույց շենքում Հալաբյան փողոցում, 51 քմ, 15/18 հարկ, բարձր առաստաղներ",84000,,Աջափնյակ,Գործակալություն,15,18,51,2,1647.0588235294117
https://list.am/item/20983935,"Ընդարձակ 1 սենյականոց բնակարան նորակառույց շենքում Հալաբյան փողոցում, 51 քմ, 15/18 հարկ",84000,,Աջափնյակ,Գործակալություն,15,18,51,1,1647.0588235294117
https://list.am/item/21030980,"2 սենյականոց բնակարան նորակառույց շենքում Լենինգրադյան փողոցում, 54 քմ, նախավերջին հարկ",89000,,Աջափնյակ,Գործակալություն,15,16,54,2,1648.148148148148
https://list.am/item/14086057,"Ընդարձակ 1 սենյականոց բնակարան նորակառույց շենքում Հակոբ Հակոբյան փողոցում, 54 ք.մ., 6/15 հարկ",89000,,Արաբկիր,Գործակալություն,6,15,54,1,1648.148148148148
https://list.am/item/20953069,"1 սենյականոց բնակարան նորակառույց շենքում Տիգրան Պետրոսյան փողոցում, 37 քմ, 6/9 հարկ",61000,,Դավթաշեն,Գործակալություն,6,9,37,1,1648.6486486486488
https://list.am/item/20934124,"2 սենյականոց բնակարան նորակառույց շենքում Ծարավ Աղբյուր փողոցում, 52 քմ, 14/16 հարկ",85900,,Ավան,,14,16,52,2,1651.923076923077
https://list.am/item/20123829,"2 սենյականոց բնակարան նորակառույց շենքում Անաստաս Միկոյան փողոցում, 52 ք.մ., 15/18 հարկ",86000,,Դավթաշեն,,15,18,52,2,1653.8461538461538
https://list.am/item/17575429,"2 սենյականոց բնակարան նորակառույց շենքում Արտեմ Միկոյան փողոցում, 52 քմ, 7/18 հարկ, բարձր առաստաղներ",86000,,Դավթաշեն,Գործակալություն,7,18,52,2,1653.8461538461538
https://list.am/item/20734496,"2 սենյականոց բնակարան նորակառույց շենքում Ծարավ աղբյուրի փողոցում, 52 ք.մ., նախավերջին հարկ",86000,,Ավան,Գործակալություն,15,16,52,2,1653.8461538461538
https://list.am/item/19370443,"2 սենյականոց բնակարան նորակառույց շենքում Անաստաս Միկոյան փողոցում, 52 քմ, 14/18 հարկ",86000,,Դավթաշեն,Գործակալություն,14,18,52,2,1653.8461538461538
https://list.am/item/20763588,"2 սենյականոց բնակարան նորակառույց շենքում Ծարավ Աղբյուր փողոցում, 38 ք.մ., բարձր առաստաղներ",63000,,Ավան,Գործակալություն,4,4,38,2,1657.8947368421052
https://list.am/item/20503912,"2 սենյականոց բնակարան նորակառույց շենքում Ֆուչիկի փողոցում, 44 ք.մ., բարձր առաստաղներ, 7/10 հարկ",73000,,Աջափնյակ,Գործակալություն,7,10,44,2,1659.090909090909
https://list.am/item/20018206,"2 սենյականոց բնակարան նորակառույց շենքում, Նազարբեկյան թաղամաս, 44 քմ, 6/9 հարկ, բարձր առաստաղներ",73000,,Աջափնյակ,Գործակալություն,6,9,44,2,1659.090909090909
https://list.am/item/17899754,"2 սենյականոց բնակարան նորակառույց շենքում Մելքումովի փողոցում, 50 քմ, բարձր առաստաղներ",83000,,Աջափնյակ,Գործակալություն,5,5,50,2,1660.0
https://list.am/item/20457114,"2 սենյականոց բնակարան նորակառույց շենքում Մինսկի փողոցում, 46 ք.մ., բարձր առաստաղներ",76500,,Նոր Նորք,Գործակալություն,6,6,46,2,1663.0434782608695
https://list.am/item/19652307,"2 սենյականոց բնակարան նորակառույց շենքում Նոր Նորքում, 42 ք.մ., բարձր առաստաղներ",70000,,Նոր Նորք,Գործակալություն,5,5,42,2,1666.6666666666667
https://list.am/item/20828531,"1 սենյականոց բնակարան նորակառույց շենքում Արզումանյան փողոցում, 42 քմ, 11/16 հարկ, բարձր առաստաղներ",70000,,Աջափնյակ,Գործակալություն,11,16,42,1,1666.6666666666667
https://list.am/item/20712589,"1 սենյականոց բնակարան նորակառույց շենքում Ֆուչիկի փողոցում, 45 քմ, 6/10 հարկ, բարձր առաստաղներ",75000,,Աջափնյակ,Գործակալություն,6,10,45,1,1666.6666666666667
https://list.am/item/20949071,"1 սենյականոց բնակարան նորակառույց շենքում Ֆուչիկի փողոցում, 45 քմ, 5/12 հարկ, բարձր առաստաղներ",75000,,Աջափնյակ,Գործակալություն,5,12,45,1,1666.6666666666667
https://list.am/item/20712604,"1 սենյականոց բնակարան նորակառույց շենքում Ֆուչիկի փողոցում, 45 քմ, 6/9 հարկ, կապիտալ վերանորոգված",75000,,Աջափնյակ,Գործակալություն,6,9,45,1,1666.6666666666667
https://list.am/item/21076543,"2 սենյականոց բնակարան նորակառույց շենքում Աջափնյակում, 45 քմ, եվրովերանորոգված",75000,,Աջափնյակ,,10,10,45,2,1666.6666666666667
https://list.am/item/20867203,"1 սենյականոց բնակարան նորակառույց շենքում Սիսակյան փողոցում, 45 քմ, 10/12 հարկ, եվրովերանորոգված",75000,,Աջափնյակ,Գործակալություն,10,12,45,1,1666.6666666666667
https://list.am/item/21094444,"3 սենյականոց բնակարան նորակառույց շենքում Տիտոգրադյան փողոցում, 45 քմ, 8/10 հարկ, եվրովերանորոգված",75000,,Էրեբունի,Գործակալություն,8,10,45,3,1666.6666666666667
https://list.am/item/19585698,"2 սենյականոց բնակարան նորակառույց շենքում Նոր Նորքում, 42 ք.մ., բարձր առաստաղներ",70000,,Նոր Նորք,,5,5,42,2,1666.6666666666667
https://list.am/item/21072560,"2 սենյականոց բնակարան նորակառույց շենքում Մելքումովի փողոցում, 45 քմ, նախավերջին հարկ",75000,,Աջափնյակ,,4,5,45,2,1666.6666666666667
https://list.am/item/20917388,"2 սենյականոց բնակարան նորակառույց շենքում Մինսկի փողոցում, 42 ք.մ., կոսմետիկ վերանորոգում, քարե շենք",70000,,Նոր Նորք,Գործակալություն,5,5,42,2,1666.6666666666667
https://list.am/item/20510141,"2 սենյականոց բնակարան նորակառույց շենքում Գյուրջյան փողոցում, 52 ք.մ., բարձր առաստաղներ, 11/16 հարկ",87000,,Նոր Նորք,Գործակալություն,11,16,52,2,1673.076923076923
https://list.am/item/17896313,"Ընդարձակ 1 սենյականոց բնակարան նորակառույց շենքում Մարգարյան փողոցում, 52 ք.մ., 7/12 հարկ",87000,,Աջափնյակ,Գործակալություն,7,12,52,1,1673.076923076923
https://list.am/item/20656225,"2 սենյականոց բնակարան նորակառույց շենքում Անաստաս Միկոյանի փողոցում, 52 ք.մ., 16/18 հարկ",87000,,Դավթաշեն,Գործակալություն,16,18,52,2,1673.076923076923
https://list.am/item/20496876,"2 սենյականոց բնակարան նորակառույց շենքում Անաստաս Միկոյանի փողոցում, 52 ք.մ., 13/18 հարկ",87000,,Դավթաշեն,Գործակալություն,13,18,52,2,1673.076923076923
https://list.am/item/20872232,"2 սենյականոց բնակարան նորակառույց շենքում Անաստաս Միկոյան փողոցում, 52 քմ, 10/16 հարկ",87000,,Դավթաշեն,Գործակալություն,10,16,52,2,1673.076923076923
https://list.am/item/20765033,"2 սենյականոց բնակարան նորակառույց շենքում Անաստաս Միկոյանի փողոցում, 52 ք.մ., 13/18 հարկ",87000,,Դավթաշեն,Գործակալություն,13,18,52,2,1673.076923076923
https://list.am/item/20898519,"2 սենյականոց բնակարան նորակառույց շենքում Լենինգրադյան փողոցում, 53 ք.մ., 4/16 հարկ",88800,,Աջափնյակ,Գործակալություն,4,16,53,2,1675.4716981132076
https://list.am/item/21055571,"2 սենյականոց բնակարան նորակառույց շենքում Շինարարների փողոցում, 47 քմ, 10/12 հարկ, բարձր առաստաղներ",79000,,Աջափնյակ,Գործակալություն,10,12,47,2,1680.8510638297873
https://list.am/item/20964674,"2 սենյականոց բնակարան նորակառույց շենքում Լենինգրադյան փողոցում, 47 քմ, 5/8 հարկ, բարձր առաստաղներ",79000,,Աջափնյակ,Գործակալություն,5,8,47,2,1680.8510638297873
https://list.am/item/21052911,"2 սենյականոց բնակարան նորակառույց շենքում Լենինգրադյան փողոցում, 47 քմ, բարձր առաստաղներ",79000,,Աջափնյակ,Գործակալություն,8,8,47,2,1680.8510638297873
https://list.am/item/21113021,"2 սենյականոց բնակարան նորակառույց շենքում Լենինգրադյան փողոցում, 47 քմ, 5/8 հարկ, բարձր առաստաղներ",79000,,Աջափնյակ,Գործակալություն,5,8,47,2,1680.8510638297873
https://list.am/item/20332351,"2 սենյականոց բնակարան նորակառույց շենքում, Նազարբեկյան թաղամաս, 44 քմ, 6/8 հարկ, բարձր առաստաղներ",74000,,Աջափնյակ,Գործակալություն,6,8,44,2,1681.8181818181818
https://list.am/item/18878067,"2 սենյականոց բնակարան նորակառույց շենքում Ռուբինյանց փողոցում, 38 ք.մ., բարձր առաստաղներ",64000,,Ավան,Գործակալություն,4,4,38,2,1684.2105263157894
https://list.am/item/20926021,"1 սենյականոց բնակարան նորակառույց շենքում Ֆուչիկի փողոցում, 45 ք.մ., 6/11 հարկ, բարձր առաստաղներ",76000,,Աջափնյակ,Գործակալություն,6,11,45,1,1688.888888888889
https://list.am/item/20942361,"2 սենյականոց բնակարան նորակառույց շենքում Անաստաս Միկոյան փողոցում, 52 քմ, 6/18 հարկ",87900,,Դավթաշեն,Գործակալություն,6,18,52,2,1690.3846153846155
https://list.am/item/21059829,"2 սենյականոց բնակարան նորակառույց շենքում Ծարավ Աղբյուրի փողոցում, 52 քմ, 13/16 հարկ",87900,,Ավան,Գործակալություն,13,16,52,2,1690.3846153846155
https://list.am/item/19844122,"2 սենյականոց բնակարան նորակառույց շենքում Ծարավ Աղբյուրի փողոցում, 52 քմ, 14/16 հարկ",88000,,Ավան,,14,16,52,2,1692.3076923076924
https://list.am/item/20109925,"2 սենյականոց բնակարան նորակառույց շենքում Անաստաս Միկոյանի փողոցում, 52 ք.մ., բարձր առաստաղներ",88000,,Դավթաշեն,Գործակալություն,13,15,52,2,1692.3076923076924
https://list.am/item/21088016,"2 սենյականոց բնակարան նորակառույց շենքում Ծարավ Աղբյուր փողոցում, 52 քմ, 14/16 հարկ",88000,,Ավան,Գործակալություն,14,16,52,2,1692.3076923076924
https://list.am/item/18260832,"2 սենյականոց բնակարան նորակառույց շենքում Անաստաս Միկոյան փողոցում, 52 քմ, 9/18 հարկ",88000,,Դավթաշեն,Գործակալություն,9,18,52,2,1692.3076923076924
https://list.am/item/20088367,"2 սենյականոց բնակարան նորակառույց շենքում Անաստաս Միկոյան փողոցում, 52 ք.մ., բարձր առաստաղներ",88000,,Դավթաշեն,Գործակալություն,13,15,52,2,1692.3076923076924
https://list.am/item/20945609,"2 սենյականոց բնակարան նորակառույց շենքում Սիսակյան փողոցում, 46 քմ, 7/10 հարկ, եվրովերանորոգված",78000,,Աջափնյակ,Գործակալություն,7,10,46,2,1695.6521739130435
https://list.am/item/20267345,"2 սենյականոց բնակարան նորակառույց շենքում Մազմանյան փողոցում, 50 քմ, 5/12 հարկ, բարձր առաստաղներ",85000,,Աջափնյակ,Գործակալություն,5,12,50,2,1700.0
https://list.am/item/20239671,"2 սենյականոց բնակարան նորակառույց շենքում Հրաչյա Աճառյան փողոցում, 47 քմ, 4/18 հարկ",80000,,Ավան,Գործակալություն,4,18,47,2,1702.127659574468
https://list.am/item/20449564,"2 սենյականոց բնակարան նորակառույց շենքում Մազմանյան փողոցում, 47 ք.մ., 7/14 հարկ",80000,,Աջափնյակ,Գործակալություն,7,14,47,2,1702.127659574468
https://list.am/item/20265138,"2 սենյականոց բնակարան նորակառույց շենքում Մազմանյան փողոցում, 47 ք.մ., 7/14 հարկ",80000,,Մալաթիա Սեբաստիա,Գործակալություն,7,14,47,2,1702.127659574468
https://list.am/item/20880557,"2 սենյականոց բնակարան նորակառույց շենքում Մազմանյան փողոցում, 47 ք.մ., 7/12 հարկ",80000,,Աջափնյակ,Գործակալություն,7,12,47,2,1702.127659574468
https://list.am/item/19068208,"2 սենյականոց բնակարան նորակառույց շենքում Մազմանյան փողոցում, 47 ք.մ., 7/12 հարկ",80000,,Աջափնյակ,,7,12,47,2,1702.127659574468
https://list.am/item/20584780,"2 սենյականոց բնակարան նորակառույց շենքում Լենինգրադյան փողոցում, 47 քմ, նախավերջին հարկ",80000,,Աջափնյակ,Գործակալություն,7,8,47,2,1702.127659574468
https://list.am/item/15235062,"2 սենյականոց բնակարան նորակառույց շենքում Լենինգրադյան փողոցում, 54 քմ, 6/14 հարկ, բարձր առաստաղներ",92000,,Աջափնյակ,Գործակալություն,6,14,54,2,1703.7037037037037
https://list.am/item/20460290,"1 սենյականոց բնակարան նորակառույց շենքում Տիգրան Պետրոսյանի փողոցում, 36 քմ, 6/9 հարկ",61500,,Դավթաշեն,Գործակալություն,6,9,36,1,1708.3333333333333
https://list.am/item/14408176,"2 սենյականոց բնակարան նորակառույց շենքում Ծարավ Աղբյուրի փողոցում, 52 ք.մ., 6/14 հարկ",89000,,Ավան,Գործակալություն,6,14,52,2,1711.5384615384614
https://list.am/item/20794777,"2 սենյականոց բնակարան նորակառույց շենքում Անաստաս Միկոյանի փողոցում, 52 ք.մ., բարձր առաստաղներ",89000,,Դավթաշեն,Գործակալություն,10,10,52,2,1711.5384615384614
https://list.am/item/20784854,"2 սենյականոց բնակարան նորակառույց շենքում Անաստաս Միկոյանի փողոցում, 52 ք.մ., բարձր առաստաղներ",89000,,Դավթաշեն,,10,10,52,2,1711.5384615384614
https://list.am/item/21049321,"1 սենյականոց բնակարան նորակառույց շենքում Մարգարյան փողոցում, 42 քմ, կոսմետիկ վերանորոգում",72000,,Աջափնյակ,Գործակալություն,10,10,42,1,1714.2857142857142
https://list.am/item/20635301,"2 սենյականոց բնակարան նորակառույց շենքում Ադմիրալ Իսակովի պողոտայում, 46 ք.մ., նախավերջին հարկ",79000,,Մալաթիա Սեբաստիա,Գործակալություն,4,5,46,2,1717.391304347826
https://list.am/item/20604871,"2 սենյականոց բնակարան նորակառույց շենքում Լենինգրադյան փողոցում, 46 քմ, նախավերջին հարկ",79000,,Աջափնյակ,Գործակալություն,7,8,46,2,1717.391304347826
https://list.am/item/20812283,"2 սենյականոց բնակարան նորակառույց շենքում Լենինգրադյան փողոցում, 46 քմ, 7/10 հարկ",79000,,Աջափնյակ,Գործակալություն,7,10,46,2,1717.391304347826
https://list.am/item/20812439,"2 սենյականոց բնակարան նորակառույց շենքում Լենինգրադյան փողոցում, 46 քմ, 7/10 հարկ",79000,,Աջափնյակ,Գործակալություն,7,10,46,2,1717.391304347826
https://list.am/item/20291155,"2 սենյականոց բնակարան նորակառույց շենքում Անաստաս Միկոյանի փողոցում, 52 ք.մ., բարձր առաստաղներ",89500,,Դավթաշեն,Գործակալություն,13,18,52,2,1721.1538461538462
https://list.am/item/21104126,"2 սենյականոց բնակարան նորակառույց շենքում Լենինգրադյան փողոցում, 54 քմ, 6/14 հարկ",93000,,Աջափնյակ,Գործակալություն,6,14,54,2,1722.2222222222222
https://list.am/item/21126980,"2 սենյականոց բնակարան նորակառույց շենքում Լենինգրադյան փողոցում, 54 քմ, 6/14 հարկ",93000,,Աջափնյակ,Գործակալություն,6,14,54,2,1722.2222222222222
https://list.am/item/19624979,"1 սենյականոց բնակարան նորակառույց շենքում Տիգրան Պետրոսյանի փողոցում, 36 քմ, 6/9 հարկ",62000,,Դավթաշեն,Գործակալություն,6,9,36,1,1722.2222222222222
https://list.am/item/20306833,"2 սենյականոց բնակարան նորակառույց շենքում Հրաչյա Աճառյանի փողոցում, 47 քմ, 4/18 հարկ",81000,,Ավան,,4,18,47,2,1723.404255319149
https://list.am/item/16428704,"2 սենյականոց բնակարան նորակառույց շենքում, Թբիլիսյան խճուղու անցուղի, 47 քմ, 9/11 հարկ",81000,,Արաբկիր,Գործակալություն,9,11,47,2,1723.404255319149
https://list.am/item/20861380,"2 սենյականոց բնակարան նորակառույց շենքում Սամվել Գևորգյան փողոցում, 52 ք.մ., 9/16 հարկ",90000,,Դավթաշեն,Գործակալություն,9,16,52,2,1730.7692307692307
https://list.am/item/20652649,"2 սենյականոց բնակարան նորակառույց շենքում Անաստաս Միկոյան փողոցում, 52 ք.մ., 15/17 հարկ",90000,,Դավթաշեն,Գործակալություն,15,17,52,2,1730.7692307692307
https://list.am/item/20992444,"2 սենյականոց բնակարան նորակառույց շենքում Անաստաս Միկոյանի փողոցում, 52 քմ, բարձր առաստաղներ",90000,,Դավթաշեն,,18,18,52,2,1730.7692307692307
https://list.am/item/20713511,"2 սենյականոց բնակարան նորակառույց շենքում, Դավթաշեն 1-ին թաղամաս, 52 ք.մ., 6/16 հարկ",90000,,Դավթաշեն,Գործակալություն,6,16,52,2,1730.7692307692307
https://list.am/item/20772798,"1 սենյականոց բնակարան նորակառույց շենքում Նոր Նորքում, 34 քմ, դիզայներական ոճով վերանորոգված",59000,,Նոր Նորք,,5,5,34,1,1735.2941176470588
https://list.am/item/20913916,"1 սենյականոց բնակարան նորակառույց շենքում Մինսկի փողոցում, 34 ք.մ., դիզայներական ոճով վերանորոգված",59000,,Նոր Նորք,Գործակալություն,5,5,34,1,1735.2941176470588
https://list.am/item/19184627,"1 սենյականոց բնակարան նորակառույց շենքում Մալաթիայի փողոցում, 38 ք.մ., նախավերջին հարկ",66000,,Մալաթիա Սեբաստիա,Գործակալություն,8,9,38,1,1736.842105263158
https://list.am/item/17516634,"2 սենյականոց բնակարան նորակառույց շենքում Անաստաս Միկոյանի փողոցում, 46 ք.մ., 5/18 հարկ",80000,,Դավթաշեն,Գործակալություն,5,18,46,2,1739.1304347826087
https://list.am/item/18406956,"2 սենյականոց բնակարան նորակառույց շենքում Անաստաս Միկոյանի փողոցում, 46 ք.մ., 9/18 հարկ",80000,,Դավթաշեն,Գործակալություն,9,18,46,2,1739.1304347826087
https://list.am/item/16461248,"2 սենյականոց բնակարան նորակառույց շենքում Անաստաս Միկոյանի փողոցում, 46 քմ, 6/18 հարկ",80000,,Դավթաշեն,,6,18,46,2,1739.1304347826087
https://list.am/item/20743471,"2 սենյականոց բնակարան նորակառույց շենքում Անաստաս Միկոյանի փողոցում, 46 քմ, 8/17 հարկ",80000,,Դավթաշեն,Գործակալություն,8,17,46,2,1739.1304347826087
https://list.am/item/18384972,"2 սենյականոց բնակարան նորակառույց շենքում Անաստաս Միկոյան փողոցում, 46 քմ, 9/16 հարկ",80000,,Դավթաշեն,Գործակալություն,9,16,46,2,1739.1304347826087
https://list.am/item/20698119,"2 սենյականոց բնակարան նորակառույց շենքում, Նազարբեկյան թաղամաս, 43 ք.մ., 6/8 հարկ, բարձր առաստաղներ",75000,,Աջափնյակ,Գործակալություն,6,8,43,2,1744.1860465116279
https://list.am/item/20715041,"1 սենյականոց բնակարան նորակառույց շենքում Սիսակյան փողոցում, 43 ք.մ., 10/12 հարկ",75000,,Աջափնյակ,Գործակալություն,10,12,43,1,1744.1860465116279
https://list.am/item/20702029,"2 սենյականոց բնակարան նորակառույց շենքում, Նազարբեկյան թաղամաս, 43 քմ, 6/8 հարկ, բարձր առաստաղներ",75000,,Աջափնյակ,Գործակալություն,6,8,43,2,1744.1860465116279
https://list.am/item/21104237,"2 սենյականոց բնակարան նորակառույց շենքում Անաստաս Միկոյանի փողոցում, 47 քմ, 7/16 հարկ",82000,,Դավթաշեն,,7,16,47,2,1744.6808510638298
https://list.am/item/20645858,"2 սենյականոց բնակարան նորակառույց շենքում Լենինգրադյան փողոցում, 47 ք.մ., 7/10 հարկ",82000,,Աջափնյակ,Գործակալություն,7,10,47,2,1744.6808510638298
https://list.am/item/17323202,"1 սենյականոց բնակարան նորակառույց շենքում Շինարարների փողոցում, 47 ք.մ., 6/12 հարկ",82000,,Աջափնյակ,Գործակալություն,6,12,47,1,1744.6808510638298
https://list.am/item/19099639,"2 սենյականոց բնակարան նորակառույց շենքում Մազմանյան փողոցում, 47 ք.մ., 7/12 հարկ, բարձր առաստաղներ",82000,,Աջափնյակ,Գործակալություն,7,12,47,2,1744.6808510638298
https://list.am/item/20722703,"2 սենյականոց բնակարան նորակառույց շենքում Շինարարների փողոցում, 47 քմ, 10/12 հարկ, եվրովերանորոգված",82000,,Աջափնյակ,Գործակալություն,10,12,47,2,1744.6808510638298
https://list.am/item/20930542,"2 սենյականոց բնակարան նորակառույց շենքում Շինարարների փողոցում, 47 քմ, 10/12 հարկ",82000,,Աջափնյակ,Գործակալություն,10,12,47,2,1744.6808510638298
https://list.am/item/20987856,"1 սենյականոց բնակարան նորակառույց շենքում Շինարարների փողոցում, 47 քմ, 10/12 հարկ",82000,,Աջափնյակ,Գործակալություն,10,12,47,1,1744.6808510638298
https://list.am/item/20604765,"2 սենյականոց բնակարան նորակառույց շենքում Լենինգրադյան փողոցում, 47 ք.մ., 7/9 հարկ",82000,,Աջափնյակ,Գործակալություն,7,9,47,2,1744.6808510638298
https://list.am/item/19446934,"2 սենյականոց բնակարան նորակառույց շենքում Մազմանյան փողոցում, 47 ք.մ., բարձր առաստաղներ, 7/12 հարկ",82000,,Աջափնյակ,Գործակալություն,7,12,47,2,1744.6808510638298
https://list.am/item/20843241,"1 սենյականոց բնակարան նորակառույց շենքում Շինարարների փողոցում, 47 քմ, 10/12 հարկ",82000,,Աջափնյակ,Գործակալություն,10,12,47,1,1744.6808510638298
https://list.am/item/19652426,"2 սենյականոց բնակարան նորակառույց շենքում Նոր Նորքում, 54 ք.մ., բարձր առաստաղներ",95000,,Նոր Նորք,Գործակալություն,6,6,54,2,1759.2592592592594
https://list.am/item/20977146,"2 սենյականոց բնակարան նորակառույց շենքում Լենինգրադյան փողոցում, 46 քմ, 7/10 հարկ, բարձր առաստաղներ",81000,,Աջափնյակ,Գործակալություն,7,10,46,2,1760.8695652173913
https://list.am/item/20711521,"2 սենյականոց բնակարան նորակառույց շենքում Ֆուչիկի փողոցում, 42 ք.մ., 6/8 հարկ, բարձր առաստաղներ",74000,,Աջափնյակ,Գործակալություն,6,8,42,2,1761.904761904762
https://list.am/item/20815410,"2 սենյականոց բնակարան նորակառույց շենքում Լենինգրադյան փողոցում, 51 քմ, բարձր առաստաղներ",90000,,Մալաթիա Սեբաստիա,,16,16,51,2,1764.7058823529412
https://list.am/item/20694318,"2 սենյականոց բնակարան նորակառույց շենքում Շինարարների փողոցում, 47 ք.մ., 10/12 հարկ",83000,,Աջափնյակ,Գործակալություն,10,12,47,2,1765.9574468085107
https://list.am/item/20849881,"2 սենյականոց բնակարան նորակառույց շենքում Շինարարների փողոցում, 47 ք.մ., 10/12 հարկ",83000,,Աջափնյակ,Գործակալություն,10,12,47,2,1765.9574468085107
https://list.am/item/17276527,"1 սենյականոց բնակարան նորակառույց շենքում Մարգարյան փողոցում, 43 քմ, կապիտալ վերանորոգված",76000,,Աջափնյակ,Գործակալություն,10,10,43,1,1767.4418604651162
https://list.am/item/20767394,"1 սենյականոց բնակարան նորակառույց շենքում Մինսկի փողոցում, 31 ք.մ., 4/6 հարկ, բարձր առաստաղներ",55000,,Նոր Նորք,,4,6,31,1,1774.1935483870968
https://list.am/item/20686127,"2 սենյականոց բնակարան նորակառույց շենքում Շինարարների փողոցում, 47 քմ, 10/12 հարկ, եվրովերանորոգված",83500,,Աջափնյակ,,10,12,47,2,1776.595744680851
https://list.am/item/20592254,"2 սենյականոց բնակարան նորակառույց շենքում Սիսակյան փողոցում, 45 քմ, նախավերջին հարկ",80000,,Աջափնյակ,Գործակալություն,7,8,45,2,1777.7777777777778
https://list.am/item/20618233,"2 սենյականոց բնակարան նորակառույց շենքում Լենինգրադյան փողոցում, 45 քմ, նախավերջին հարկ",80000,,Աջափնյակ,Գործակալություն,7,8,45,2,1777.7777777777778
https://list.am/item/20252779,"1 սենյականոց բնակարան նորակառույց շենքում Տիգրան Պետրոսյանի փողոցում, 36 քմ, 6/9 հարկ",64000,,Դավթաշեն,Գործակալություն,6,9,36,1,1777.7777777777778
https://list.am/item/20565698,"1 սենյականոց բնակարան նորակառույց շենքում Տիգրան Պետրոսյանի փողոցում, 36 քմ, 6/9 հարկ",64000,,Դավթաշեն,Գործակալություն,6,9,36,1,1777.7777777777778
https://list.am/item/18152064,"2 սենյականոց բնակարան նորակառույց շենքում Չեխովի փողոցում, 45 ք.մ., 5/13 հարկ, մասնակի վերանորոգում",80000,,Շենգավիթ,Գործակալություն,5,13,45,2,1777.7777777777778
https://list.am/item/20681616,"2 սենյականոց բնակարան նորակառույց շենքում Չեխովի փողոցում, 45 ք.մ., 5/10 հարկ, բարձր առաստաղներ",80000,,Շենգավիթ,Գործակալություն,5,10,45,2,1777.7777777777778
https://list.am/item/14015145,"1 սենյականոց բնակարան նորակառույց շենքում Գյուրջյան փողոցում, 50 ք.մ., 4/8 հարկ",89000,,Նոր Նորք,Գործակալություն,4,8,50,1,1780.0
https://list.am/item/20392879,"2 սենյականոց բնակարան նորակառույց շենքում, Norashen District, 50 ք.մ., բարձր առաստաղներ, 5/12 հարկ",89000,,Աջափնյակ,Գործակալություն,5,12,50,2,1780.0
https://list.am/item/17638218,"2 սենյականոց բնակարան նորակառույց շենքում Էրեբունիում, 41 ք.մ., 10/12 հարկ, կապիտալ վերանորոգված",73000,,Էրեբունի,Գործակալություն,10,12,41,2,1780.4878048780488
https://list.am/item/20672772,"2 սենյականոց բնակարան նորակառույց շենքում Սիսակյան փողոցում, 46 ք.մ., նախավերջին հարկ",82000,,Աջափնյակ,Գործակալություն,7,8,46,2,1782.608695652174
https://list.am/item/20657277,"2 սենյականոց բնակարան նորակառույց շենքում Լենինգրադյան փողոցում, 46 ք.մ., 7/12 հարկ",82000,,Աջափնյակ,Գործակալություն,7,12,46,2,1782.608695652174
https://list.am/item/20972842,"1 սենյականոց բնակարան նորակառույց շենքում Շինարարների փողոցում, 46 քմ, 11/13 հարկ, բարձր առաստաղներ",82000,,Աջափնյակ,Գործակալություն,11,13,46,1,1782.608695652174
https://list.am/item/20972854,"2 սենյականոց բնակարան նորակառույց շենքում Անաստաս Միկոյանի փողոցում, 46 քմ, 8/18 հարկ",82000,,Դավթաշեն,Գործակալություն,8,18,46,2,1782.608695652174
https://list.am/item/20859404,"1 սենյականոց բնակարան նորակառույց շենքում Շինարարների փողոցում, 46 քմ, 11/13 հարկ, բարձր առաստաղներ",82000,,Աջափնյակ,Գործակալություն,11,13,46,1,1782.608695652174
https://list.am/item/21103708,"2 սենյականոց բնակարան նորակառույց շենքում Անաստաս Միկոյանի փողոցում, 46 քմ, 7/15 հարկ",82000,,Դավթաշեն,Գործակալություն,7,15,46,2,1782.608695652174
https://list.am/item/17910784,"2 սենյականոց բնակարան նորակառույց շենքում Մարգարյան փողոցում, 42 քմ, կապիտալ վերանորոգված",75000,,Աջափնյակ,Գործակալություն,10,10,42,2,1785.7142857142858
https://list.am/item/19564486,"2 սենյականոց բնակարան նորակառույց շենքում Մինսկի փողոցում, 42 ք.մ., եվրովերանորոգված",75000,,Նոր Նորք,Գործակալություն,5,5,42,2,1785.7142857142858
https://list.am/item/20665465,"1 սենյականոց բնակարան նորակառույց շենքում, Margaryan St, 42 քմ, կոսմետիկ վերանորոգում",75000,,Աջափնյակ,,10,10,42,1,1785.7142857142858
https://list.am/item/17192768,"2 սենյականոց բնակարան նորակառույց շենքում Մարգարյան փողոցում, 42 քմ, կոսմետիկ վերանորոգում",75000,,Աջափնյակ,,10,10,42,2,1785.7142857142858
https://list.am/item/19662406,"2 սենյականոց բնակարան նորակառույց շենքում Լենինգրադյան փողոցում, 53 ք.մ., 4/14 հարկ",95000,,Աջափնյակ,Գործակալություն,4,14,53,2,1792.4528301886792
https://list.am/item/19403159,"2 սենյականոց բնակարան նորակառույց շենքում Անաստաս Միկոյան փողոցում, 46 քմ, 9/18 հարկ",82500,,Դավթաշեն,Գործակալություն,9,18,46,2,1793.4782608695652
https://list.am/item/20909605,"1 սենյականոց բնակարան նորակառույց շենքում Մինսկի փողոցում, 34 ք.մ., դիզայներական ոճով վերանորոգված",61000,,Նոր Նորք,Գործակալություն,5,5,34,1,1794.1176470588234
https://list.am/item/20715521,"2 սենյականոց բնակարան նորակառույց շենքում Ֆուչիկի փողոցում, 50 ք.մ., 7/10 հարկ",90000,,Աջափնյակ,,7,10,50,2,1800.0
https://list.am/item/20544644,"1 սենյականոց բնակարան նորակառույց շենքում Մամիկոնյանց փողոցում, 35 ք.մ., 12/15 հարկ",63000,,Արաբկիր,Գործակալություն,12,15,35,1,1800.0
https://list.am/item/21008004,"1 սենյականոց բնակարան նորակառույց շենքում Տիգրան Պետրոսյանի փողոցում, 35 քմ",63000,,Դավթաշեն,Գործակալություն,9,9,35,1,1800.0
https://list.am/item/20663257,"1 սենյականոց բնակարան նորակառույց շենքում Մամիկոնյանց փողոցում, 35 ք.մ., 12/15 հարկ",63000,,Արաբկիր,Գործակալություն,12,15,35,1,1800.0
https://list.am/item/20808934,"1 սենյականոց բնակարան նորակառույց շենքում Մամիկոնյանց փողոցում, 35 ք.մ., 12/15 հարկ",63000,,Արաբկիր,Գործակալություն,12,15,35,1,1800.0
https://list.am/item/20663290,"2 սենյականոց բնակարան նորակառույց շենքում Մամիկոնյանց փողոցում, 35 ք.մ., 12/15 հարկ",63000,,Արաբկիր,Գործակալություն,12,15,35,2,1800.0
https://list.am/item/21098437,"2 սենյականոց բնակարան նորակառույց շենքում Անաստաս Միկոյանի փողոցում, 46 քմ, 8/18 հարկ",83000,,Դավթաշեն,Գործակալություն,8,18,46,2,1804.3478260869565
https://list.am/item/21090918,"2 սենյականոց բնակարան նորակառույց շենքում Անաստաս Միկոյան փողոցում, 46 քմ, 8/18 հարկ",83000,,Դավթաշեն,,8,18,46,2,1804.3478260869565
https://list.am/item/21098168,"2 սենյականոց բնակարան նորակառույց շենքում Անաստաս Միկոյանի փողոցում, 46 քմ, 8/18 հարկ",83000,,Դավթաշեն,Գործակալություն,8,18,46,2,1804.3478260869565
https://list.am/item/20919790,"2 սենյականոց բնակարան նորակառույց շենքում, Նազարբեկյան թաղամաս, 42 քմ, 6/8 հարկ, բարձր առաստաղներ",76000,,Աջափնյակ,Գործակալություն,6,8,42,2,1809.5238095238096
https://list.am/item/20725236,"2 սենյականոց բնակարան նորակառույց շենքում Ֆուչիկի փողոցում, 42 ք.մ., նախավերջին հարկ",76000,,Աջափնյակ,Գործակալություն,6,7,42,2,1809.5238095238096
https://list.am/item/19696941,"1 սենյականոց բնակարան նորակառույց շենքում Շինարարների փողոցում, 42 քմ, 6/12 հարկ",76000,,Աջափնյակ,Գործակալություն,6,12,42,1,1809.5238095238096
https://list.am/item/20947391,"2 սենյականոց բնակարան նորակառույց շենքում Արշակունյաց պողոտայում, 40 քմ",72500,,Շենգավիթ,Գործակալություն,10,10,40,2,1812.5
https://list.am/item/19730716,"2 սենյականոց բնակարան նորակառույց շենքում Շենգավիթում, 40 ք.մ., դիզայներական ոճով վերանորոգված",72500,,Շենգավիթ,,10,10,40,2,1812.5
https://list.am/item/17925794,"2 սենյականոց բնակարան նորակառույց շենքում, Նազարբեկյան թաղամաս, 44 ք.մ., 2 սանհանգույց, 6/8 հարկ",80000,,Աջափնյակ,Գործակալություն,6,8,44,2,1818.1818181818182
https://list.am/item/21016211,"2 սենյականոց բնակարան նորակառույց շենքում Մազմանյան փողոցում, 45 քմ, նախավերջին հարկ",82000,,Աջափնյակ,Գործակալություն,11,12,45,2,1822.2222222222222
https://list.am/item/20677988,"2 սենյականոց բնակարան նորակառույց շենքում Նիկողայոս Ադոնցի փողոցում, 45 քմ, 7/9 հարկ",82000,,Արաբկիր,Գործակալություն,7,9,45,2,1822.2222222222222
https://list.am/item/20500174,"2 սենյականոց բնակարան նորակառույց շենքում Մազմանյան փողոցում, 47 ք.մ., 5/12 հարկ, եվրովերանորոգված",86000,,Աջափնյակ,Գործակալություն,5,12,47,2,1829.787234042553
https://list.am/item/20535165,"2 սենյականոց բնակարան նորակառույց շենքում Մազմանյան փողոցում, 47 ք.մ., 5/12 հարկ, բարձր առաստաղներ",86000,,Աջափնյակ,Գործակալություն,5,12,47,2,1829.787234042553
https://list.am/item/20604762,"2 սենյականոց բնակարան նորակառույց շենքում Ֆուչիկի փողոցում, 42 ք.մ., 7/9 հարկ, բարձր առաստաղներ",77000,,Աջափնյակ,Գործակալություն,7,9,42,2,1833.3333333333333
https://list.am/item/20677948,"2 սենյականոց բնակարան նորակառույց շենքում Մարգարյան փողոցում, 42 քմ, կոսմետիկ վերանորոգում",77000,,Աջափնյակ,Գործակալություն,10,10,42,2,1833.3333333333333
https://list.am/item/21095642,"2 սենյականոց բնակարան նորակառույց շենքում Սիսակյան փողոցում, 49 քմ, 5/10 հարկ, բարձր առաստաղներ",90000,,Աջափնյակ,Գործակալություն,5,10,49,2,1836.734693877551
https://list.am/item/21079481,"2 սենյականոց բնակարան նորակառույց շենքում Աբելյան փողոցում, 49 քմ, 11/16 հարկ",90000,,Աջափնյակ,,11,16,49,2,1836.734693877551
https://list.am/item/18994322,"1 սենյականոց բնակարան նորակառույց շենքում Մամիկոնյան փողոցում, 38 ք.մ., 4/15 հարկ, բարձր առաստաղներ",70000,,Արաբկիր,,4,15,38,1,1842.1052631578948
https://list.am/item/18954521,"2 սենյականոց բնակարան նորակառույց շենքում Գոգոլի փողոցում, 51 քմ, 6/16 հարկ, բարձր առաստաղներ",94000,,Քանաքեռ Զեյթուն,Գործակալություն,6,16,51,2,1843.137254901961
https://list.am/item/19765395,"1 սենյականոց բնակարան նորակառույց շենքում, Tbilisian Highway, 26 քմ, բարձր առաստաղներ",48000,,Արաբկիր,,4,4,26,1,1846.1538461538462
https://list.am/item/21124266,"2 սենյականոց բնակարան նորակառույց շենքում Մոնթե Մելքոնյան փողոցում, 46 քմ, 5/14 հարկ",85000,,Մալաթիա Սեբաստիա,Գործակալություն,5,14,46,2,1847.8260869565217
https://list.am/item/21094357,"2 սենյականոց բնակարան նորակառույց շենքում Մոնթե Մելքոնյան փողոցում, 46 քմ, 6/15 հարկ",85000,,Մալաթիա Սեբաստիա,Գործակալություն,6,15,46,2,1847.8260869565217
https://list.am/item/20857688,"2 սենյականոց բնակարան նորակառույց շենքում Անաստաս Միկոյանի փողոցում, 46 քմ, 10/18 հարկ",85000,,Դավթաշեն,Գործակալություն,10,18,46,2,1847.8260869565217
https://list.am/item/21124266,"2 սենյականոց բնակարան նորակառույց շենքում Մոնթե Մելքոնյան փողոցում, 46 քմ, 5/14 հարկ",85000,,Մալաթիա Սեբաստիա,Գործակալություն,5,14,46,2,1847.8260869565217
https://list.am/item/21033069,"2 սենյականոց բնակարան նորակառույց շենքում, Թբիլիսյան խճուղի, 46 քմ, նախավերջին հարկ",85000,,Արաբկիր,,4,5,46,2,1847.8260869565217
https://list.am/item/21124266,"2 սենյականոց բնակարան նորակառույց շենքում Մոնթե Մելքոնյան փողոցում, 46 քմ, 5/14 հարկ",85000,,Մալաթիա Սեբաստիա,Գործակալություն,5,14,46,2,1847.8260869565217
https://list.am/item/20974280,"2 սենյականոց բնակարան նորակառույց շենքում Մոնթե Մելքոնյան փողոցում, 46 քմ, 6/16 հարկ",85000,,Մալաթիա Սեբաստիա,Գործակալություն,6,16,46,2,1847.8260869565217
https://list.am/item/21124266,"2 սենյականոց բնակարան նորակառույց շենքում Մոնթե Մելքոնյան փողոցում, 46 քմ, 5/14 հարկ",85000,,Մալաթիա Սեբաստիա,Գործակալություն,5,14,46,2,1847.8260869565217
https://list.am/item/20091500,"2 սենյականոց բնակարան նորակառույց շենքում Անաստաս Միկոյանի փողոցում, 46 քմ, 10/18 հարկ",85000,,Դավթաշեն,,10,18,46,2,1847.8260869565217
https://list.am/item/21124266,"2 սենյականոց բնակարան նորակառույց շենքում Մոնթե Մելքոնյան փողոցում, 46 քմ, 5/14 հարկ",85000,,Մալաթիա Սեբաստիա,Գործակալություն,5,14,46,2,1847.8260869565217
https://list.am/item/17894398,"1 սենյականոց բնակարան նորակառույց շենքում Շինարարների փողոցում, 46 քմ, 8/12 հարկ",85000,,Աջափնյակ,Գործակալություն,8,12,46,1,1847.8260869565217
https://list.am/item/21124266,"2 սենյականոց բնակարան նորակառույց շենքում Մոնթե Մելքոնյան փողոցում, 46 քմ, 5/14 հարկ",85000,,Մալաթիա Սեբաստիա,Գործակալություն,5,14,46,2,1847.8260869565217
https://list.am/item/18697239,"2 սենյականոց բնակարան նորակառույց շենքում Անաստաս Միկոյանի փողոցում, 47 ք.մ., 4/18 հարկ",87000,,Դավթաշեն,Գործակալություն,4,18,47,2,1851.063829787234
https://list.am/item/20762895,"2 սենյականոց բնակարան նորակառույց շենքում Շինարարների փողոցում, 47 ք.մ., 10/12 հարկ",87000,,Աջափնյակ,Գործակալություն,10,12,47,2,1851.063829787234
https://list.am/item/19089543,"2 սենյականոց բնակարան նորակառույց շենքում Մազմանյան փողոցում, 48 ք.մ., 7/12 հարկ",89000,,Աջափնյակ,Գործակալություն,7,12,48,2,1854.1666666666667
https://list.am/item/20221422,"2 սենյականոց բնակարան նորակառույց շենքում Մինսկի փողոցում, 35 ք.մ., 4/6 հարկ, եվրովերանորոգված",65000,,Նոր Նորք,,4,6,35,2,1857.142857142857
https://list.am/item/20913921,"1 սենյականոց բնակարան նորակառույց շենքում Մինսկի փողոցում, 35 ք.մ., 4/6 հարկ, եվրովերանորոգված",65000,,Նոր Նորք,Գործակալություն,4,6,35,1,1857.142857142857
https://list.am/item/20250325,"2 սենյականոց բնակարան նորակառույց շենքում Շինարարների փողոցում, 43 քմ, 8/12 հարկ, բարձր առաստաղներ",80000,,Աջափնյակ,Գործակալություն,8,12,43,2,1860.4651162790697
https://list.am/item/18992320,"2 սենյականոց բնակարան նորակառույց շենքում Տիգրան Պետրոսյանի փողոցում, 36 ք.մ., բարձր առաստաղներ",67000,,Դավթաշեն,Գործակալություն,10,10,36,2,1861.111111111111
https://list.am/item/21084229,"1 սենյականոց բնակարան նորակառույց շենքում Սիսակյան փողոցում, 44 քմ, 6/12 հարկ, կապիտալ վերանորոգված",82000,,Աջափնյակ,Գործակալություն,6,12,44,1,1863.6363636363637
https://list.am/item/21075885,"1 սենյականոց բնակարան նորակառույց շենքում Սիսակյան փողոցում, 44 քմ, 6/12 հարկ, կապիտալ վերանորոգված",82000,,Աջափնյակ,,6,12,44,1,1863.6363636363637
https://list.am/item/20922174,"2 սենյականոց բնակարան նորակառույց շենքում Անաստաս Միկոյանի փողոցում, 46 ք.մ., 10/18 հարկ",86000,,Դավթաշեն,Գործակալություն,10,18,46,2,1869.5652173913043
https://list.am/item/21088391,"2 սենյականոց բնակարան նորակառույց շենքում Մոնթե Մելքոնյան պողոտայում, 46 քմ, 5/14 հարկ",86000,,Մալաթիա Սեբաստիա,Գործակալություն,5,14,46,2,1869.5652173913043
https://list.am/item/18810647,"2 սենյականոց բնակարան նորակառույց շենքում, Դավթաշեն 4-րդ թաղամաս, 39 ք.մ., 10/12 հարկ",73000,,Դավթաշեն,Գործակալություն,10,12,39,2,1871.7948717948718
https://list.am/item/20657273,"2 սենյականոց բնակարան նորակառույց շենքում Ֆուչիկի փողոցում, 42 ք.մ., նախավերջին հարկ",79000,,Աջափնյակ,Գործակալություն,6,7,42,2,1880.952380952381
https://list.am/item/20707727,"2 սենյականոց բնակարան նորակառույց շենքում Չեխովի փողոցում, 45 ք.մ., կապիտալ վերանորոգված",85000,,Շենգավիթ,Գործակալություն,10,10,45,2,1888.888888888889
https://list.am/item/20902891,"2 սենյականոց բնակարան նորակառույց շենքում Անաստաս Միկոյանի փողոցում, 46 քմ, 10/18 հարկ",87000,,Դավթաշեն,Գործակալություն,10,18,46,2,1891.304347826087
https://list.am/item/21029064,"2 սենյականոց բնակարան նորակառույց շենքում Անաստաս Միկոյանի փողոցում, 46 քմ, 10/18 հարկ",87000,,Դավթաշեն,Գործակալություն,10,18,46,2,1891.304347826087
https://list.am/item/20402636,"2 սենյականոց բնակարան նորակառույց շենքում, Դավթաշեն 2-րդ թաղամաս, 38 ք.մ., 10/12 հարկ",72000,,Դավթաշեն,Գործակալություն,10,12,38,2,1894.7368421052631
https://list.am/item/19694075,"1 սենյականոց բնակարան նորակառույց շենքում Նիզամու փողոցում, 31 ք.մ., կապիտալ վերանորոգված",59000,,Շենգավիթ,Գործակալություն,5,5,31,1,1903.225806451613
https://list.am/item/20861378,"1 սենյականոց բնակարան նորակառույց շենքում Մանանդյան փողոցում, 31 ք.մ., կապիտալ վերանորոգված",59000,,Շենգավիթ,Գործակալություն,5,5,31,1,1903.225806451613
https://list.am/item/21091907,"1 սենյականոց բնակարան նորակառույց շենքում, Դավթաշենի 4-րդ զանգված, 42 քմ, 12/16 հարկ",80000,,Դավթաշեն,Գործակալություն,12,16,42,1,1904.7619047619048
https://list.am/item/20416175,"2 սենյականոց բնակարան նորակառույց շենքում Ֆուչիկի փողոցում, 42 ք.մ., նախավերջին հարկ",80000,,Աջափնյակ,Գործակալություն,6,7,42,2,1904.7619047619048
https://list.am/item/20643922,"2 սենյականոց բնակարան նորակառույց շենքում Ֆուչիկի փողոցում, 42 ք.մ., նախավերջին հարկ",80000,,Աջափնյակ,Գործակալություն,6,7,42,2,1904.7619047619048
https://list.am/item/20926807,"2 սենյականոց բնակարան նորակառույց շենքում Շինարարների փողոցում, 43 ք.մ., բարձր առաստաղներ",82000,,Աջափնյակ,Գործակալություն,9,9,43,2,1906.9767441860465
https://list.am/item/20069597,"1 սենյականոց բնակարան նորակառույց շենքում Սիսակյան փողոցում, 43 ք.մ., բարձր առաստաղներ",82000,,Աջափնյակ,Գործակալություն,8,8,43,1,1906.9767441860465
https://list.am/item/20559210,"2 սենյականոց բնակարան նորակառույց շենքում Շինարարների փողոցում, 43 քմ, բարձր առաստաղներ",82000,,Աջափնյակ,Գործակալություն,9,9,43,2,1906.9767441860465
https://list.am/item/20882152,"2 սենյականոց բնակարան նորակառույց շենքում Շինարարների փողոցում, 43 ք.մ., բարձր առաստաղներ",82000,,Աջափնյակ,Գործակալություն,9,9,43,2,1906.9767441860465
https://list.am/item/17897100,"1 սենյականոց բնակարան նորակառույց շենքում Մարգարյան փողոցում, 44 ք.մ., 8/12 հարկ, եվրովերանորոգված",84000,,Աջափնյակ,Գործակալություն,8,12,44,1,1909.090909090909
https://list.am/item/19912362,"2 սենյականոց բնակարան նորակառույց շենքում Անաստաս Միկոյանի փողոցում, 46 քմ, 9/17 հարկ",88000,,Դավթաշեն,Գործակալություն,9,17,46,2,1913.0434782608695
https://list.am/item/19203012,"2 սենյականոց բնակարան նորակառույց շենքում Տիգրան Պետրոսյանի փողոցում, 47 ք.մ., 5/10 հարկ",90000,,Դավթաշեն,Գործակալություն,5,10,47,2,1914.8936170212767
https://list.am/item/13400768,"2 սենյականոց բնակարան նորակառույց շենքում Տիգրան Պետրոսյանի փողոցում, 47 ք.մ., բարձր առաստաղներ",90000,,Արաբկիր,Գործակալություն,11,11,47,2,1914.8936170212767
https://list.am/item/21025587,"1 սենյականոց բնակարան նորակառույց շենքում Դավթաշենի 4-րդ փողոցում, 42 քմ, 12/16 հարկ",81000,,Դավթաշեն,,12,16,42,1,1928.5714285714287
https://list.am/item/20576492,"2 սենյականոց բնակարան նորակառույց շենքում Շինարարների փողոցում, 43 ք.մ., բարձր առաստաղներ",83000,,Աջափնյակ,Գործակալություն,9,9,43,2,1930.2325581395348
https://list.am/item/20565397,"2 սենյականոց բնակարան նորակառույց շենքում Շինարարների փողոցում, 43 ք.մ., կապիտալ վերանորոգված",83000,,Աջափնյակ,Գործակալություն,9,9,43,2,1930.2325581395348
https://list.am/item/20595528,"1 սենյականոց բնակարան նորակառույց շենքում Շինարարների փողոցում, 43 ք.մ., բարձր առաստաղներ",83000,,Աջափնյակ,Գործակալություն,9,9,43,1,1930.2325581395348
https://list.am/item/20794389,"2 սենյականոց բնակարան նորակառույց շենքում Շինարարների փողոցում, 43 ք.մ., բարձր առաստաղներ",83000,,Աջափնյակ,Գործակալություն,9,9,43,2,1930.2325581395348
https://list.am/item/20341390,"2 սենյականոց բնակարան նորակառույց շենքում Չեխովի փողոցում, 43 քմ, նախավերջին հարկ, բարձր առաստաղներ",83000,,Շենգավիթ,Գործակալություն,11,12,43,2,1930.2325581395348
https://list.am/item/20559428,"2 սենյականոց բնակարան նորակառույց շենքում Շինարարների փողոցում, 43 ք.մ., կապիտալ վերանորոգված",83000,,Աջափնյակ,Գործակալություն,9,9,43,2,1930.2325581395348
https://list.am/item/17542423,"2 սենյականոց բնակարան նորակառույց շենքում Նիկողայոս Ադոնցի փողոցում, 44 քմ, նախավերջին հարկ",85000,,Արաբկիր,Գործակալություն,7,8,44,2,1931.8181818181818
https://list.am/item/19576013,"1 սենյականոց բնակարան նորակառույց շենքում Մարգարյան փողոցում, 44 ք.մ., 9/12 հարկ",85000,,Աջափնյակ,Գործակալություն,9,12,44,1,1931.8181818181818
https://list.am/item/20715093,"2 սենյականոց բնակարան նորակառույց շենքում Գյուրջյան փողոցում, 45 ք.մ., 4/8 հարկ, բարձր առաստաղներ",87000,,Նոր Նորք,Գործակալություն,4,8,45,2,1933.3333333333333
https://list.am/item/20828096,"2 սենյականոց բնակարան նորակառույց շենքում Գյուրջյան փողոցում, 45 ք.մ., 4/8 հարկ, բարձր առաստաղներ",87000,,Նոր Նորք,Գործակալություն,4,8,45,2,1933.3333333333333
https://list.am/item/20914478,"1 սենյականոց բնակարան նորակառույց շենքում Գյուրջյան փողոցում, 45 ք.մ., 4/8 հարկ",87000,,Նոր Նորք,Գործակալություն,4,8,45,1,1933.3333333333333
https://list.am/item/20625349,"2 սենյականոց բնակարան նորակառույց շենքում Չեխովի փողոցում, 46 ք.մ., նախավերջին հարկ",89000,,Շենգավիթ,Գործակալություն,10,11,46,2,1934.7826086956522
https://list.am/item/20520270,"1 սենյականոց բնակարան նորակառույց շենքում Կոմիտասի պողոտայում, 42 քմ, 6/20 հարկ, բարձր առաստաղներ",82000,,Արաբկիր,,6,20,42,1,1952.3809523809523
https://list.am/item/20520270,"1 սենյականոց բնակարան նորակառույց շենքում Կոմիտասի պողոտայում, 42 քմ, 6/20 հարկ, բարձր առաստաղներ",82000,,Արաբկիր,,6,20,42,1,1952.3809523809523
https://list.am/item/20520270,"1 սենյականոց բնակարան նորակառույց շենքում Կոմիտասի պողոտայում, 42 քմ, 6/20 հարկ, բարձր առաստաղներ",82000,,Արաբկիր,,6,20,42,1,1952.3809523809523
https://list.am/item/20520270,"1 սենյականոց բնակարան նորակառույց շենքում Կոմիտասի պողոտայում, 42 քմ, 6/20 հարկ, բարձր առաստաղներ",82000,,Արաբկիր,,6,20,42,1,1952.3809523809523
https://list.am/item/20520270,"1 սենյականոց բնակարան նորակառույց շենքում Կոմիտասի պողոտայում, 42 քմ, 6/20 հարկ, բարձր առաստաղներ",82000,,Արաբկիր,,6,20,42,1,1952.3809523809523
https://list.am/item/20520270,"1 սենյականոց բնակարան նորակառույց շենքում Կոմիտասի պողոտայում, 42 քմ, 6/20 հարկ, բարձր առաստաղներ",82000,,Արաբկիր,,6,20,42,1,1952.3809523809523
https://list.am/item/20520270,"1 սենյականոց բնակարան նորակառույց շենքում Կոմիտասի պողոտայում, 42 քմ, 6/20 հարկ, բարձր առաստաղներ",82000,,Արաբկիր,,6,20,42,1,1952.3809523809523
https://list.am/item/20148372,"2 սենյականոց բնակարան նորակառույց շենքում Գյուրջյան փողոցում, 45 ք.մ., 4/8 հարկ, բարձր առաստաղներ",88000,,Նոր Նորք,Գործակալություն,4,8,45,2,1955.5555555555557
https://list.am/item/20972732,"2 սենյականոց բնակարան նորակառույց շենքում Մոնթե Մելքոնյան փողոցում, 46 քմ, 6/15 հարկ",90000,,Մալաթիա Սեբաստիա,Գործակալություն,6,15,46,2,1956.5217391304348
https://list.am/item/21041252,"2 սենյականոց բնակարան նորակառույց շենքում Մոնթե Մելքոնյան փողոցում, 46 քմ, 6/15 հարկ",90000,,Մալաթիա Սեբաստիա,Գործակալություն,6,15,46,2,1956.5217391304348
https://list.am/item/21013598,"2 սենյականոց բնակարան նորակառույց շենքում Մոնթե Մելքոնյան փողոցում, 46 քմ, 6/17 հարկ",90000,,Մալաթիա Սեբաստիա,Գործակալություն,6,17,46,2,1956.5217391304348
https://list.am/item/20976122,"2 սենյականոց բնակարան նորակառույց շենքում, Monte Melkonyan Avenue, 46 քմ, 6/15 հարկ",90000,,Մալաթիա Սեբաստիա,Գործակալություն,6,15,46,2,1956.5217391304348
https://list.am/item/20784056,"1 սենյականոց բնակարան նորակառույց շենքում Մելքումովի փողոցում, 23 ք.մ., բարձր առաստաղներ",45000,,Աջափնյակ,Գործակալություն,5,5,23,1,1956.5217391304348
https://list.am/item/20965178,"2 սենյականոց բնակարան նորակառույց շենքում Մոնթե Մելքոնյան փողոցում, 46 քմ, 6/15 հարկ",90000,,Մալաթիա Սեբաստիա,Գործակալություն,6,15,46,2,1956.5217391304348
https://list.am/item/20402201,"2 սենյականոց բնակարան նորակառույց շենքում, Թբիլիսյան խճուղի, 28 ք.մ., եվրովերանորոգված",55000,,Արաբկիր,,4,4,28,2,1964.2857142857142
https://list.am/item/20397164,"2 սենյականոց բնակարան նորակառույց շենքում, Chekhov Street, 44 քմ, 10/12 հարկ",86500,,Շենգավիթ,,10,12,44,2,1965.909090909091
https://list.am/item/20862617,"2 սենյականոց բնակարան նորակառույց շենքում Արզումանյան փողոցում, 38 ք.մ., կապիտալ վերանորոգված",75000,,Աջափնյակ,Գործակալություն,10,10,38,2,1973.6842105263158
https://list.am/item/15367573,"2 սենյականոց բնակարան նորակառույց շենքում Շինարարների փողոցում, 43 ք.մ., 12/14 հարկ",85000,,Աջափնյակ,Գործակալություն,12,14,43,2,1976.7441860465117
https://list.am/item/19998918,"2 սենյականոց բնակարան նորակառույց շենքում Չեխովի փողոցում, 43 ք.մ., 9/13 հարկ, կապիտալ վերանորոգված",85000,,Շենգավիթ,Գործակալություն,9,13,43,2,1976.7441860465117
https://list.am/item/20762915,"2 սենյականոց բնակարան նորակառույց շենքում Չեխովի փողոցում, 45 ք.մ., բարձր առաստաղներ",89000,,Շենգավիթ,Գործակալություն,10,10,45,2,1977.7777777777778
https://list.am/item/20712526,"2 սենյականոց բնակարան նորակառույց շենքում Չեխովի փողոցում, 45 ք.մ., բարձր առաստաղներ",89000,,Շենգավիթ,Գործակալություն,10,10,45,2,1977.7777777777778
https://list.am/item/20526078,"2 սենյականոց բնակարան նորակառույց շենքում Գյուրջյան փողոցում, 45 ք.մ., 4/8 հարկ",89000,,Նոր Նորք,Գործակալություն,4,8,45,2,1977.7777777777778
https://list.am/item/20290421,"4 սենյականոց բնակարան նորակառույց շենքում Գյուրջյան փողոցում, 45 ք.մ., բարձր առաստաղներ, 4/8 հարկ",89000,,Նոր Նորք,Գործակալություն,4,8,45,4,1977.7777777777778
https://list.am/item/20705598,"2 սենյականոց բնակարան նորակառույց շենքում Չեխովի փողոցում, 45 ք.մ., բարձր առաստաղներ",89000,,Շենգավիթ,Գործակալություն,10,10,45,2,1977.7777777777778
https://list.am/item/19739581,"2 սենյականոց բնակարան նորակառույց շենքում Նիկողայոս Ադոնցի փողոցում, 48 քմ, 5/8 հարկ",95000,,Արաբկիր,Գործակալություն,5,8,48,2,1979.1666666666667
https://list.am/item/20710882,"1 սենյականոց բնակարան նորակառույց շենքում Կոմիտասի պողոտայում, 42 քմ, 6/20 հարկ, բարձր առաստաղներ",84000,,Արաբկիր,Գործակալություն,6,20,42,1,2000.0
https://list.am/item/19088269,"1 սենյականոց բնակարան նորակառույց շենքում Մամիկոնյանց փողոցում, 39 ք.մ., բարձր առաստաղներ, 4/15 հարկ",78000,,Արաբկիր,Գործակալություն,4,15,39,1,2000.0
https://list.am/item/20411094,"2 սենյականոց բնակարան նորակառույց շենքում, Թբիլիսյան խճուղի, 28 ք.մ., եվրովերանորոգված",56000,,Արաբկիր,Գործակալություն,4,4,28,2,2000.0
https://list.am/item/21051694,"1 սենյականոց բնակարան նորակառույց շենքում Ղափանցյան փողոցում, 25 քմ, կապիտալ վերանորոգված, քարե շենք",50000,,Արաբկիր,,4,4,25,1,2000.0
https://list.am/item/20801885,"2 սենյականոց բնակարան նորակառույց շենքում, Karapet Ulnetsi street, 45 ք.մ., 10/16 հարկ",90000,,Քանաքեռ Զեյթուն,Գործակալություն,10,16,45,2,2000.0
https://list.am/item/20710910,"1 սենյականոց բնակարան նորակառույց շենքում Չեխովի փողոցում, 44 ք.մ., բարձր առաստաղներ",89000,,Շենգավիթ,Գործակալություն,10,10,44,1,2022.7272727272727
https://list.am/item/20525657,"2 սենյականոց բնակարան նորակառույց շենքում, Նազարբեկյան թաղամաս, 42 ք.մ., բարձր առաստաղներ, 5/8 հարկ",85000,,Աջափնյակ,Գործակալություն,5,8,42,2,2023.8095238095239
https://list.am/item/19531402,"2 սենյականոց բնակարան նորակառույց շենքում Մարգարյան փողոցում, 42 ք.մ., բարձր առաստաղներ",85000,,Աջափնյակ,Գործակալություն,10,10,42,2,2023.8095238095239
https://list.am/item/17910774,"2 սենյականոց բնակարան նորակառույց շենքում Մարգարյան փողոցում, 42 ք.մ., կոսմետիկ վերանորոգում",85000,,Աջափնյակ,Գործակալություն,10,10,42,2,2023.8095238095239
https://list.am/item/20385003,"2 սենյականոց բնակարան նորակառույց շենքում, Նազարբեկյան թաղամաս, 42 ք.մ., բարձր առաստաղներ, 5/8 հարկ",85000,,Աջափնյակ,Գործակալություն,5,8,42,2,2023.8095238095239
https://list.am/item/21092088,"2 սենյականոց բնակարան նորակառույց շենքում Չեխովի փողոցում, 41 քմ, նախավերջին հարկ, բարձր առաստաղներ",83000,,Շենգավիթ,,11,12,41,2,2024.3902439024391
https://list.am/item/21094212,"2 սենյականոց բնակարան նորակառույց շենքում Սասնա Ծռերի փողոցում, 41 քմ, 12/16 հարկ, բարձր առաստաղներ",83000,,Դավթաշեն,Գործակալություն,12,16,41,2,2024.3902439024391
https://list.am/item/19699586,"1 սենյականոց բնակարան նորակառույց շենքում Չեխովի փողոցում, 35 ք.մ., 4/12 հարկ, կապիտալ վերանորոգված",71000,,Շենգավիթ,Գործակալություն,4,12,35,1,2028.5714285714287
https://list.am/item/20923967,"1 սենյականոց բնակարան նորակառույց շենքում Կոմիտասի պողոտայում, 42 քմ, 16/20 հարկ, բարձր առաստաղներ",85900,,Արաբկիր,,16,20,42,1,2045.2380952380952
https://list.am/item/20542312,"1 սենյականոց բնակարան նորակառույց շենքում Կոմիտասի պողոտայում, 41 քմ, 6/20 հարկ, բարձր առաստաղներ",84000,,Արաբկիր,Գործակալություն,6,20,41,1,2048.7804878048782
https://list.am/item/20555952,"1 սենյականոց բնակարան նորակառույց շենքում Արաբկիրում, 35 քմ, 12/15 հարկ, բարձր առաստաղներ",72000,,Արաբկիր,Գործակալություն,12,15,35,1,2057.1428571428573
https://list.am/item/18834007,"2 սենյականոց բնակարան նորակառույց շենքում Չեխովի փողոցում, 43 քմ, 4/12 հարկ, կապիտալ վերանորոգված",89000,,Շենգավիթ,Գործակալություն,4,12,43,2,2069.767441860465
https://list.am/item/20926031,"1 սենյականոց բնակարան նորակառույց շենքում Կոմիտասի պողոտայում, 42 քմ, 16/20 հարկ, բարձր առաստաղներ",87000,,Արաբկիր,Գործակալություն,16,20,42,1,2071.4285714285716
https://list.am/item/19991220,"1 սենյականոց բնակարան նորակառույց շենքում Կոմիտասի պողոտայում, 42 քմ, բարձր առաստաղներ",87000,,Արաբկիր,Գործակալություն,6,6,42,1,2071.4285714285716
https://list.am/item/20818789,"1 սենյականոց բնակարան նորակառույց շենքում Մելքումով փողոցում, 26 քմ, կապիտալ վերանորոգված",54000,,Աջափնյակ,Գործակալություն,5,5,26,1,2076.923076923077
https://list.am/item/20066491,"1 սենյականոց բնակարան նորակառույց շենքում Կոմիտասի պողոտայում, 43 քմ, 9/16 հարկ, բարձր առաստաղներ",89500,,Արաբկիր,,9,16,43,1,2081.3953488372094
https://list.am/item/21016318,"2 սենյականոց բնակարան նորակառույց շենքում Կոմիտասի պողոտայում, 42 քմ, 16/20 հարկ, բարձր առաստաղներ",87600,,Արաբկիր,Գործակալություն,16,20,42,2,2085.714285714286
https://list.am/item/20868233,"2 սենյականոց բնակարան նորակառույց շենքում Մանանդյանի փողոցում, 43 քմ, 8/12 հարկ, բարձր առաստաղներ",90000,,Շենգավիթ,Գործակալություն,8,12,43,2,2093.0232558139537
https://list.am/item/20668237,"2 սենյականոց բնակարան նորակառույց շենքում Չեխովի փողոցում, 43 ք.մ., 11/13 հարկ, կապիտալ վերանորոգված",90000,,Շենգավիթ,Գործակալություն,11,13,43,2,2093.0232558139537
https://list.am/item/20725165,"2 սենյականոց բնակարան նորակառույց շենքում, Norashen District, 42 ք.մ., 6/12 հարկ, եվրովերանորոգված",88000,,Աջափնյակ,,6,12,42,2,2095.2380952380954
https://list.am/item/20953059,"1 սենյականոց բնակարան նորակառույց շենքում Կոմիտասի պողոտայում, 42 քմ, 16/20 հարկ, բարձր առաստաղներ",88000,,Արաբկիր,Գործակալություն,16,20,42,1,2095.2380952380954
https://list.am/item/21075785,"1 սենյականոց բնակարան նորակառույց շենքում Կոմիտասի պողոտայում, 40 քմ, 4/18 հարկ, բարձր առաստաղներ",84000,,Արաբկիր,Գործակալություն,4,18,40,1,2100.0
https://list.am/item/20912443,"2 սենյականոց բնակարան նորակառույց շենքում Մինսկի փողոցում, 30 ք.մ., 4/6 հարկ, բարձր առաստաղներ",63000,,Նոր Նորք,Գործակալություն,4,6,30,2,2100.0
https://list.am/item/14128250,"2 սենյականոց բնակարան նորակառույց շենքում Կոմիտասի պողոտայում, 40 քմ, 4/14 հարկ, բարձր առաստաղներ",84000,,Արաբկիր,Գործակալություն,4,14,40,2,2100.0
https://list.am/item/19016930,"1 սենյականոց բնակարան նորակառույց շենքում Մամիկոնյանց փողոցում, 38 ք.մ., բարձր առաստաղներ, 4/15 հարկ",80000,,Արաբկիր,Գործակալություն,4,15,38,1,2105.2631578947367
https://list.am/item/20190753,"2 սենյականոց բնակարան նորակառույց շենքում Կարապետ Ուլնեցու փողոցում, 45 քմ, բարձր առաստաղներ",95000,,Քանաքեռ Զեյթուն,,5,5,45,2,2111.1111111111113
https://list.am/item/18737763,"1 սենյականոց բնակարան նորակառույց շենքում Մելքումովի փողոցում, 26 ք.մ., եվրովերանորոգված",55000,,Աջափնյակ,,5,5,26,1,2115.3846153846152
https://list.am/item/19269276,"2 սենյականոց բնակարան նորակառույց շենքում Չեխովի փողոցում, 41 քմ, 10/12 հարկ, կապիտալ վերանորոգված",87000,,Շենգավիթ,Գործակալություն,10,12,41,2,2121.951219512195
https://list.am/item/21019426,"3 սենյականոց բնակարան նորակառույց շենքում Չեխովի փողոցում, 41 քմ, նախավերջին հարկ, բարձր առաստաղներ",87000,,Շենգավիթ,Գործակալություն,11,12,41,3,2121.951219512195
https://list.am/item/19999049,"2 սենյականոց բնակարան նորակառույց շենքում Չեխովի փողոցում, 40 ք.մ., 11/13 հարկ, կապիտալ վերանորոգված",85000,,Շենգավիթ,Գործակալություն,11,13,40,2,2125.0
https://list.am/item/17626672,"2 սենյականոց բնակարան նորակառույց շենքում Մարգարյան փողոցում, 42 ք.մ., եվրովերանորոգված",90000,,Աջափնյակ,Գործակալություն,10,10,42,2,2142.8571428571427
https://list.am/item/20838583,"2 սենյականոց բնակարան նորակառույց շենքում, Նազարբեկյան թաղամաս, 42 ք.մ., կապիտալ վերանորոգված",90000,,Աջափնյակ,Գործակալություն,7,7,42,2,2142.8571428571427
https://list.am/item/20674048,"1 սենյականոց բնակարան նորակառույց շենքում Կոմիտասի պողոտայում, 42 ք.մ., 6/20 հարկ, բարձր առաստաղներ",90000,,Արաբկիր,Գործակալություն,6,20,42,1,2142.8571428571427
https://list.am/item/20567135,"2 սենյականոց բնակարան նորակառույց շենքում Լենինգրադյան փողոցում, 38 քմ, 4/6 հարկ, բարձր առաստաղներ",82000,,Աջափնյակ,Գործակալություն,4,6,38,2,2157.8947368421054
https://list.am/item/21007199,"2 սենյականոց բնակարան նորակառույց շենքում Լենինգրադյան փողոցում, 38 քմ, 4/6 հարկ, բարձր առաստաղներ",82000,,Աջափնյակ,Գործակալություն,4,6,38,2,2157.8947368421054
https://list.am/item/20029435,"2 սենյականոց բնակարան նորակառույց շենքում Մինսկի փողոցում, 30 ք.մ., 4/6 հարկ, բարձր առաստաղներ",65000,,Նոր Նորք,,4,6,30,2,2166.6666666666665
https://list.am/item/20456713,"1 սենյականոց բնակարան նորակառույց շենքում Մամիկոնյանց փողոցում, 35 ք.մ., բարձր առաստաղներ",76000,,Արաբկիր,Գործակալություն,12,15,35,1,2171.4285714285716
https://list.am/item/19876466,"1 սենյականոց բնակարան նորակառույց շենքում, Դավթաշենի 4-րդ զանգված, 40 ք.մ., բարձր առաստաղներ",87000,,Դավթաշեն,Գործակալություն,8,12,40,1,2175.0
https://list.am/item/19609009,"1 սենյականոց բնակարան նորակառույց շենքում Տիտոգրադյան փողոցում, 39 ք.մ., 7/9 հարկ",85000,,Էրեբունի,,7,9,39,1,2179.4871794871797
https://list.am/item/20799911,"1 սենյականոց բնակարան նորակառույց շենքում, Դավթաշեն 4-րդ թաղամաս, 39 ք.մ., 8/12 հարկ",85000,,Դավթաշեն,,8,12,39,1,2179.4871794871797
https://list.am/item/19571278,"2 սենյականոց բնակարան նորակառույց շենքում Բագրատունյաց պողոտայում, 41 ք.մ., բարձր առաստաղներ",90000,,Շենգավիթ,Գործակալություն,6,12,41,2,2195.121951219512
https://list.am/item/20440102,"2 սենյականոց բնակարան նորակառույց շենքում Չեխովի փողոցում, 43 ք.մ., բարձր առաստաղներ, 5/10 հարկ",95000,,Շենգավիթ,Գործակալություն,5,10,43,2,2209.3023255813955
https://list.am/item/17572530,"2 սենյականոց բնակարան նորակառույց շենքում Նիկողայոս Ադոնցի փողոցում, 35 քմ, 4/18 հարկ",78000,,Արաբկիր,Գործակալություն,4,18,35,2,2228.5714285714284
https://list.am/item/20867861,"2 սենյականոց բնակարան նորակառույց շենքում Չեխովի փողոցում, 41 ք.մ., նախավերջին հարկ",92000,,Շենգավիթ,Գործակալություն,11,12,41,2,2243.9024390243903
https://list.am/item/20531213,"2 սենյականոց բնակարան նորակառույց շենքում Զավարյան փողոցում, 40 ք.մ., կապիտալ վերանորոգված",90000,,Կենտրոն,Գործակալություն,9,9,40,2,2250.0
https://list.am/item/20768559,"2 սենյականոց բնակարան նորակառույց շենքում Չեխովի փողոցում, 35 ք.մ., 8/10 հարկ, եվրովերանորոգված",80000,,Շենգավիթ,,8,10,35,2,2285.714285714286
https://list.am/item/20645684,"1 սենյականոց բնակարան նորակառույց շենքում Արգիշտի փողոցում, 38 քմ, 8/14 հարկ, բարձր առաստաղներ",87000,,Կենտրոն,Գործակալություն,8,14,38,1,2289.4736842105262
https://list.am/item/21006803,"2 սենյականոց բնակարան նորակառույց շենքում Լենինգրադյան փողոցում, 37 քմ, 4/6 հարկ",85000,,Աջափնյակ,Գործակալություն,4,6,37,2,2297.2972972972975
https://list.am/item/21007884,"2 սենյականոց բնակարան նորակառույց շենքում Լենինգրադյան փողոցում, 37 քմ, 4/6 հարկ",85000,,Աջափնյակ,Գործակալություն,4,6,37,2,2297.2972972972975
https://list.am/item/21002039,"2 սենյականոց բնակարան նորակառույց շենքում Լենինգրադյան փողոցում, 37 քմ, 4/6 հարկ, բարձր առաստաղներ",85000,,Մալաթիա Սեբաստիա,,4,6,37,2,2297.2972972972975
https://list.am/item/17375783,"1 սենյականոց բնակարան նորակառույց շենքում Արգիշտի փողոցում, 38 ք.մ., 11/14 հարկ, եվրովերանորոգված",88000,,Կենտրոն,Գործակալություն,11,14,38,1,2315.7894736842104
https://list.am/item/20593957,"2 սենյականոց բնակարան նորակառույց շենքում Չեխովի փողոցում, 41 ք.մ., նախավերջին հարկ",95000,,Շենգավիթ,Գործակալություն,11,12,41,2,2317.0731707317073
https://list.am/item/21065828,"2 սենյականոց բնակարան նորակառույց շենքում Չեխովի փողոցում, 35 քմ, 8/10 հարկ, բարձր առաստաղներ",82000,,Շենգավիթ,Գործակալություն,8,10,35,2,2342.8571428571427
https://list.am/item/20412749,"1 սենյականոց բնակարան նորակառույց շենքում Արգիշտի փողոցում, 35 ք.մ., բարձր առաստաղներ",82000,,Կենտրոն,Գործակալություն,14,14,35,1,2342.8571428571427
https://list.am/item/20015031,"1 սենյականոց բնակարան նորակառույց շենքում, Արգիշտի, 34 քմ, կոսմետիկ վերանորոգում",80000,,Կենտրոն,,14,14,34,1,2352.9411764705883
https://list.am/item/20677802,"1 սենյականոց բնակարան նորակառույց շենքում Արգիշտիի փողոցում, 34 քմ, բարձր առաստաղներ",80000,,Կենտրոն,Գործակալություն,14,14,34,1,2352.9411764705883
https://list.am/item/20826440,"1 սենյականոց բնակարան նորակառույց շենքում Արգիշտի փողոցում, 37 ք.մ., 4/14 հարկ, բարձր առաստաղներ",88000,,Կենտրոն,Գործակալություն,4,14,37,1,2378.3783783783783
https://list.am/item/20385342,"1 սենյականոց բնակարան նորակառույց շենքում Արգիշտի փողոցում, 37 ք.մ., 5/14 հարկ, բարձր առաստաղներ",88000,,Կենտրոն,Գործակալություն,5,14,37,1,2378.3783783783783
https://list.am/item/20676926,"1 սենյականոց բնակարան նորակառույց շենքում Արգիշտի փողոցում, 34 ք.մ., բարձր առաստաղներ",82000,,Կենտրոն,Գործակալություն,14,14,34,1,2411.764705882353
https://list.am/item/20352996,"1 սենյականոց բնակարան նորակառույց շենքում Արգիշտի փողոցում, 34 քմ, բարձր առաստաղներ",82000,,Կենտրոն,Գործակալություն,14,14,34,1,2411.764705882353
https://list.am/item/20729713,"1 սենյականոց բնակարան նորակառույց շենքում, Argishti, 36 ք.մ., 6/11 հարկ, բարձր առաստաղներ",87000,,Կենտրոն,Գործակալություն,6,11,36,1,2416.6666666666665
https://list.am/item/20657566,"1 սենյականոց բնակարան նորակառույց շենքում Արգիշտի փողոցում, 37 ք.մ., 9/14 հարկ, եվրովերանորոգված",90000,,Կենտրոն,Գործակալություն,9,14,37,1,2432.4324324324325
https://list.am/item/20673867,"1 սենյականոց բնակարան նորակառույց շենքում Արգիշտի փողոցում, 37 ք.մ., 9/14 հարկ, բարձր առաստաղներ",90000,,Կենտրոն,Գործակալություն,9,14,37,1,2432.4324324324325
https://list.am/item/19543621,"2 սենյականոց բնակարան նորակառույց շենքում Խորենացու փողոցում, 36 ք.մ., 4/8 հարկ, բարձր առաստաղներ",88000,,Կենտրոն,Գործակալություն,4,8,36,2,2444.4444444444443
https://list.am/item/20196671,"1 սենյականոց բնակարան նորակառույց շենքում Արգիշտի փողոցում, 35 ք.մ., բարձր առաստաղներ",86000,,Կենտրոն,Գործակալություն,14,14,35,1,2457.1428571428573
https://list.am/item/20931559,"1 սենյականոց բնակարան նորակառույց շենքում, Norashen District, 33 քմ, 6/12 հարկ, կապիտալ վերանորոգված",82000,,Աջափնյակ,,6,12,33,1,2484.848484848485
https://list.am/item/20538094,"1 սենյականոց բնակարան նորակառույց շենքում Արգիշտի փողոցում, 36 քմ, 5/14 հարկ, բարձր առաստաղներ",90000,,Կենտրոն,Գործակալություն,5,14,36,1,2500.0
https://list.am/item/20440006,"1 սենյականոց բնակարան նորակառույց շենքում Արգիշտի փողոցում, 36 քմ, 11/14 հարկ, բարձր առաստաղներ",90000,,Կենտրոն,Գործակալություն,11,14,36,1,2500.0
https://list.am/item/20448033,"1 սենյականոց բնակարան նորակառույց շենքում Արգիշտի փողոցում, 36 քմ, 4/15 հարկ, բարձր առաստաղներ",90000,,Կենտրոն,,4,15,36,1,2500.0
https://list.am/item/20016920,"2 սենյականոց բնակարան նորակառույց շենքում Խորենացու փողոցում, 36 ք.մ., 4/6 հարկ, բարձր առաստաղներ",90000,,Կենտրոն,Գործակալություն,4,6,36,2,2500.0
https://list.am/item/20581130,"1 սենյականոց բնակարան նորակառույց շենքում Չեխովի փողոցում, 31 ք.մ., նախավերջին հարկ",85000,,Շենգավիթ,,12,13,31,1,2741.935483870968
https://list.am/item/20593419,"1 սենյականոց բնակարան նորակառույց շենքում Չեխովի փողոցում, 31 քմ, նախավերջին հարկ",85000,,Շենգավիթ,Գործակալություն,12,13,31,1,2741.935483870968
https://list.am/item/20988794,"2 սենյականոց բնակարան նորակառույց շենքում Չեխովի փողոցում, 29 քմ, 9/13 հարկ, կապիտալ վերանորոգված",90000,,Շենգավիթ,Գործակալություն,9,13,29,2,3103.448275862069
https://list.am/item/20983972,"1 սենյականոց բնակարան նորակառույց շենքում Չեխովի փողոցում, 29 քմ, նախավերջին հարկ",90000,,Շենգավիթ,,9,10,29,1,3103.448275862069
